category,title,cash_price,link,store,created_at
notebooks,"Notebook Cx Amd A9-9400 4Gb 64Gb 14""",229739.0,https://www.mexx.com.ar/productos-rubro/notebooks/45453-notebook-cx-amd-a9-9400-4gb-64gb-14.html,mexx,2023-09-04 10:43:22
notebooks,"Notebook Cx Amd A9-9400 8Gb 64Gb 256Gb 14""",244999.0,https://www.mexx.com.ar/productos-rubro/notebooks/45456-notebook-cx-amd-a9-9400-8gb-64gb-256gb-14.html,mexx,2023-09-04 10:43:22
notebooks,"Notebook Asus X515EA Core i3 4Gb Ssd 256Gb 15.6"" Win11",428999.0,https://www.mexx.com.ar/productos-rubro/notebooks/45319-notebook-asus-x515ea-core-i3-4gb-ssd-256gb-15.6-win11.html,mexx,2023-09-04 10:43:22
notebooks,"Notebook Asus X515EA Core i3 8Gb Ssd 256Gb 15.6"" Win11 ",441489.0,https://www.mexx.com.ar/productos-rubro/notebooks/45510-notebook-asus-x515ea-core-i3-8gb-ssd-256gb-15.6-win11-#.html,mexx,2023-09-04 10:43:22
notebooks,"Notebook Asus X515EA Core i3 8Gb Ssd M2 480Gb 15.6"" Win11 ",463489.0,https://www.mexx.com.ar/productos-rubro/notebooks/45521-notebook-asus-x515ea-core-i3-8gb-ssd-m2-480gb-15.6-win11-#.html,mexx,2023-09-04 10:43:22
notebooks,"Notebook Asus X515EA Core i3 8Gb Ssd M2 960Gb 15.6"" Win11 ",512489.0,https://www.mexx.com.ar/productos-rubro/notebooks/46206-notebook-asus-x515ea-core-i3-8gb-ssd-m2-960gb-15.6-win11-#.html,mexx,2023-09-04 10:43:22
notebooks,"Notebook Asus X515EA Core i3 12Gb Ssd 256Gb 15.6"" Win11 ",448989.0,https://www.mexx.com.ar/productos-rubro/notebooks/45488-notebook-asus-x515ea-core-i3-12gb-ssd-256gb-15.6-win11-#.html,mexx,2023-09-04 10:43:22
notebooks,"Notebook Asus X515EA Core i3 12Gb Ssd M2 480Gb 15.6"" Win11 ",470989.0,https://www.mexx.com.ar/productos-rubro/notebooks/46207-notebook-asus-x515ea-core-i3-12gb-ssd-m2-480gb-15.6-win11-#.html,mexx,2023-09-04 10:43:22
notebooks,"Notebook Asus X515EA Core i3 12Gb Ssd M2 960Gb 15.6"" Win11 ",519989.0,https://www.mexx.com.ar/productos-rubro/notebooks/46208-notebook-asus-x515ea-core-i3-12gb-ssd-m2-960gb-15.6-win11-#.html,mexx,2023-09-04 10:43:22
notebooks,"Notebook Asus X515EA Core i3 20Gb Ssd 256Gb 15.6"" Win11 ",464989.0,https://www.mexx.com.ar/productos-rubro/notebooks/45520-notebook-asus-x515ea-core-i3-20gb-ssd-256gb-15.6-win11-#.html,mexx,2023-09-04 10:43:22
notebooks,"Notebook Asus X515EA Core i3 20Gb Ssd M2 480Gb 15.6"" Win11 ",486989.0,https://www.mexx.com.ar/productos-rubro/notebooks/46209-notebook-asus-x515ea-core-i3-20gb-ssd-m2-480gb-15.6-win11-#.html,mexx,2023-09-04 10:43:22
notebooks,"Notebook Asus X515EA Core i3 20Gb Ssd M2 960Gb 15.6"" Win11 ",535989.0,https://www.mexx.com.ar/productos-rubro/notebooks/46210-notebook-asus-x515ea-core-i3-20gb-ssd-m2-960gb-15.6-win11-#.html,mexx,2023-09-04 10:43:22
notebooks,"Notebook Asus X515EA Core i3 4Gb Ssd 256Gb 15.6""",389839.0,https://www.mexx.com.ar/productos-rubro/notebooks/42286-notebook-asus-x515ea-core-i3-4gb-ssd-256gb-15.6.html,mexx,2023-09-04 10:43:22
notebooks,"Notebook Asus X515EA Core i3 8Gb Ssd 256Gb 15.6""",402329.0,https://www.mexx.com.ar/productos-rubro/notebooks/42354-notebook-asus-x515ea-core-i3-8gb-ssd-256gb-15.6#.html,mexx,2023-09-04 10:43:22
notebooks,"Notebook Asus X515EA Core i3 8Gb Ssd M2 480Gb 15.6""",424329.0,https://www.mexx.com.ar/productos-rubro/notebooks/43586-notebook-asus-x515ea-core-i3-8gb-ssd-m2-480gb-15.6#.html,mexx,2023-09-04 10:43:22
notebooks,"Notebook Asus X515EA Core i3 12Gb Ssd 256Gb 15.6""",409829.0,https://www.mexx.com.ar/productos-rubro/notebooks/42355-notebook-asus-x515ea-core-i3-12gb-ssd-256gb-15.6#.html,mexx,2023-09-04 10:43:22
notebooks,"Notebook Asus X515EA Core i3 12Gb Ssd M2 480Gb 15.6""",433829.0,https://www.mexx.com.ar/productos-rubro/notebooks/43587-notebook-asus-x515ea-core-i3-12gb-ssd-m2-480gb-15.6#.html,mexx,2023-09-04 10:43:22
notebooks,"Notebook Asus X515EA Core i3 12Gb Ssd M2 960Gb 15.6""",480829.0,https://www.mexx.com.ar/productos-rubro/notebooks/43588-notebook-asus-x515ea-core-i3-12gb-ssd-m2-960gb-15.6#.html,mexx,2023-09-04 10:43:22
notebooks,"Notebook Asus X515EA Core i5 1135G7 8Gb Ssd 256Gb 15.6"" Win11",549999.0,https://www.mexx.com.ar/productos-rubro/notebooks/45401-notebook-asus-x515ea-core-i5-1135g7-8gb-ssd-256gb-15.6-win11.html,mexx,2023-09-04 10:43:22
notebooks,"Notebook Asus X515EA Core i5 1135G7 8Gb Ssd M2 480Gb 15.6"" Win11",573989.0,https://www.mexx.com.ar/productos-rubro/notebooks/45686-notebook-asus-x515ea-core-i5-1135g7-8gb-ssd-m2-480gb-15.6-win11#.html,mexx,2023-09-04 10:43:22
notebooks,"Notebook Asus X515EA Core i5 1135G7 8Gb Ssd M2 960Gb 15.6"" Win11",620989.0,https://www.mexx.com.ar/productos-rubro/notebooks/45687-notebook-asus-x515ea-core-i5-1135g7-8gb-ssd-m2-960gb-15.6-win11#.html,mexx,2023-09-04 10:43:22
notebooks,"Notebook Asus X515EA Core i5 1135G7 12Gb Ssd 256Gb 15.6"" Win11",562489.0,https://www.mexx.com.ar/productos-rubro/notebooks/45670-notebook-asus-x515ea-core-i5-1135g7-12gb-ssd-256gb-15.6-win11#.html,mexx,2023-09-04 10:43:22
notebooks,"Notebook Asus X515EA Core i5 1135G7 12Gb Ssd M2 480Gb 15.6"" Win11",584489.0,https://www.mexx.com.ar/productos-rubro/notebooks/45688-notebook-asus-x515ea-core-i5-1135g7-12gb-ssd-m2-480gb-15.6-win11#.html,mexx,2023-09-04 10:43:22
notebooks,"Notebook Asus X515EA Core i5 1135G7 12Gb Ssd M2 960Gb 15.6"" Win11",633489.0,https://www.mexx.com.ar/productos-rubro/notebooks/45756-notebook-asus-x515ea-core-i5-1135g7-12gb-ssd-m2-960gb-15.6-win11#.html,mexx,2023-09-04 10:43:22
notebooks,"Notebook Asus X515EA Core i5 1135G7 16Gb Ssd 256Gb 15.6"" Win11",569989.0,https://www.mexx.com.ar/productos-rubro/notebooks/45964-notebook-asus-x515ea-core-i5-1135g7-16gb-ssd-256gb-15.6-win11#.html,mexx,2023-09-04 10:43:22
notebooks,"Notebook Asus X515EA Core i5 1135G7 16Gb Ssd M2 480Gb 15.6"" Win11",593989.0,https://www.mexx.com.ar/productos-rubro/notebooks/45965-notebook-asus-x515ea-core-i5-1135g7-16gb-ssd-m2-480gb-15.6-win11#.html,mexx,2023-09-04 10:43:22
notebooks,"Notebook Asus X515EA Core i5 1135G7 16Gb Ssd M2 960Gb 15.6"" Win11",640989.0,https://www.mexx.com.ar/productos-rubro/notebooks/45966-notebook-asus-x515ea-core-i5-1135g7-16gb-ssd-m2-960gb-15.6-win11#.html,mexx,2023-09-04 10:43:22
notebooks,"Notebook Asus X515EA Core i5 1135G7 24Gb Ssd M2 480Gb 15.6"" Win11",609989.0,https://www.mexx.com.ar/productos-rubro/notebooks/45689-notebook-asus-x515ea-core-i5-1135g7-24gb-ssd-m2-480gb-15.6-win11#.html,mexx,2023-09-04 10:43:22
notebooks,"Notebook Asus X515EA Core i5 1135G7 24Gb Ssd M2 960Gb 15.6"" Win11",656989.0,https://www.mexx.com.ar/productos-rubro/notebooks/45812-notebook-asus-x515ea-core-i5-1135g7-24gb-ssd-m2-960gb-15.6-win11#.html,mexx,2023-09-04 10:43:22
notebooks,"Notebook Asus X515EA Core i7 8Gb Ssd 512Gb 15.6"" ",649999.0,https://www.mexx.com.ar/productos-rubro/notebooks/43352-notebook-asus-x515ea-core-i7-8gb-ssd-512gb-15.6.html,mexx,2023-09-04 10:43:22
notebooks,"Notebook Asus X515EA Core i7 8Gb Ssd M2 960Gb 15.6"" ",698989.0,https://www.mexx.com.ar/productos-rubro/notebooks/43427-notebook-asus-x515ea-core-i7-8gb-ssd-m2-960gb-15.6-#.html,mexx,2023-09-04 10:43:22
notebooks,"Notebook Asus X515EA Core i7 12Gb Ssd 512Gb 15.6"" ",662489.0,https://www.mexx.com.ar/productos-rubro/notebooks/43426-notebook-asus-x515ea-core-i7-12gb-ssd-512gb-15.6-#.html,mexx,2023-09-04 10:43:22
notebooks,"Notebook Asus X515EA Core i7 12Gb Ssd M2 960Gb 15.6"" ",711489.0,https://www.mexx.com.ar/productos-rubro/notebooks/43429-notebook-asus-x515ea-core-i7-12gb-ssd-m2-960gb-15.6-#.html,mexx,2023-09-04 10:43:22
notebooks,"Notebook Asus X515EA Core i7 16Gb Ssd 512Gb 15.6"" ",669989.0,https://www.mexx.com.ar/productos-rubro/notebooks/44334-notebook-asus-x515ea-core-i7-16gb-ssd-512gb-15.6-#.html,mexx,2023-09-04 10:43:22
notebooks,"Notebook Asus X515EA Core i7 16Gb Ssd M2 960Gb 15.6"" ",718989.0,https://www.mexx.com.ar/productos-rubro/notebooks/44335-notebook-asus-x515ea-core-i7-16gb-ssd-m2-960gb-15.6-#.html,mexx,2023-09-04 10:43:22
notebooks,"Notebook Asus X515EA Core i7 24Gb Ssd 512Gb 15.6"" ",685989.0,https://www.mexx.com.ar/productos-rubro/notebooks/44336-notebook-asus-x515ea-core-i7-24gb-ssd-512gb-15.6-#.html,mexx,2023-09-04 10:43:22
notebooks,"Notebook Asus X515EA Core i7 24Gb Ssd M2 960Gb 15.6"" ",734989.0,https://www.mexx.com.ar/productos-rubro/notebooks/44337-notebook-asus-x515ea-core-i7-24gb-ssd-m2-960gb-15.6-#.html,mexx,2023-09-04 10:43:22
notebooks,"Notebook Asus X515EA Core i7-1165G7 8Gb Ssd 512Gb 15.6"" Win11",719999.0,https://www.mexx.com.ar/productos-rubro/notebooks/44640-notebook-asus-x515ea-core-i7-1165g7-8gb-ssd-512gb-15.6-win11.html,mexx,2023-09-04 10:43:22
notebooks,"Notebook Asus X515EA Core i7-1165G7 8Gb Ssd M2 960Gb 15.6"" Win11 ",768989.0,https://www.mexx.com.ar/productos-rubro/notebooks/45953-notebook-asus-x515ea-core-i7-1165g7-8gb-ssd-m2-960gb-15.6-win11-#.html,mexx,2023-09-04 10:43:22
notebooks,"Notebook Asus X515EA Core i7-1165G7 16Gb Ssd 512Gb 15.6"" Win11",739989.0,https://www.mexx.com.ar/productos-rubro/notebooks/45103-notebook-asus-x515ea-core-i7-1165g7-16gb-ssd-512gb-15.6-win11#.html,mexx,2023-09-04 10:43:22
notebooks,"Notebook Asus X515EA Core i7-1165G7 16Gb Ssd M2 960Gb 15.6"" Win11",788989.0,https://www.mexx.com.ar/productos-rubro/notebooks/45954-notebook-asus-x515ea-core-i7-1165g7-16gb-ssd-m2-960gb-15.6-win11#.html,mexx,2023-09-04 10:43:22
notebooks,"Notebook Asus X515EA Core i7-1165G7 24Gb Ssd 512Gb 15.6"" Win11 ",755989.0,https://www.mexx.com.ar/productos-rubro/notebooks/45104-notebook-asus-x515ea-core-i7-1165g7-24gb-ssd-512gb-15.6-win11-#.html,mexx,2023-09-04 10:43:22
notebooks,"Notebook Asus X515EA Core i7-1165G7 24Gb Ssd M2 960Gb 15.6"" Win11 ",804989.0,https://www.mexx.com.ar/productos-rubro/notebooks/45955-notebook-asus-x515ea-core-i7-1165g7-24gb-ssd-m2-960gb-15.6-win11-#.html,mexx,2023-09-04 10:43:22
notebooks,"Notebook Asus Gamer Core i9-12900 32Gb Ssd 1Tb RTX 3060 6GB 16""Tactil Win11",3029999.0,https://www.mexx.com.ar/productos-rubro/notebooks/45454-notebook-asus-gamer-core-i9-12900-32gb-ssd-1tb-rtx-3060-6gb-16tactil-win11.html,mexx,2023-09-04 10:43:22
notebooks,"Notebook HP X360 Pentium 4Gb Ssd 256Gb 14"" Win10",367999.0,https://www.mexx.com.ar/productos-rubro/notebooks/45298-notebook-hp-x360-pentium-4gb-ssd-256gb-14-win10.html,mexx,2023-09-04 10:43:22
notebooks,"Notebook Hp 240 G8 Core i3 8Gb 1Tb 14"" Win11",494999.0,https://www.mexx.com.ar/productos-rubro/notebooks/44118-notebook-hp-240-g8-core-i3-8gb-1tb-14-win11.html,mexx,2023-09-04 10:43:22
notebooks,"Notebook Hp 240 G8 Core i3 8Gb Ssd M2 240Gb 1Tb 14"" Win11 ",514689.0,https://www.mexx.com.ar/productos-rubro/notebooks/46198-notebook-hp-240-g8-core-i3-8gb-ssd-m2-240gb-1tb-14-win11-#.html,mexx,2023-09-04 10:43:22
notebooks,"Notebook Hp 240 G8 Core i3 8Gb Ssd M2 480Gb 1Tb 14"" Win11 ",524989.0,https://www.mexx.com.ar/productos-rubro/notebooks/46199-notebook-hp-240-g8-core-i3-8gb-ssd-m2-480gb-1tb-14-win11-#.html,mexx,2023-09-04 10:43:22
notebooks,"Notebook Hp 240 G8 Core i3 16Gb 1Tb 14"" Win11 ",514989.0,https://www.mexx.com.ar/productos-rubro/notebooks/44202-notebook-hp-240-g8-core-i3-16gb-1tb-14-win11-#.html,mexx,2023-09-04 10:43:22
notebooks,"Notebook Hp 240 G8 Core i3 16Gb Ssd M2 240Gb 1Tb 14"" Win11 ",534689.0,https://www.mexx.com.ar/productos-rubro/notebooks/46200-notebook-hp-240-g8-core-i3-16gb-ssd-m2-240gb-1tb-14-win11-#.html,mexx,2023-09-04 10:43:22
notebooks,"Notebook Hp 240 G8 Core i3 16Gb Ssd M2 480Gb 1Tb 14"" Win11 ",544989.0,https://www.mexx.com.ar/productos-rubro/notebooks/46201-notebook-hp-240-g8-core-i3-16gb-ssd-m2-480gb-1tb-14-win11-#.html,mexx,2023-09-04 10:43:22
notebooks,"Notebook Hp 240 G8 Core i3 8Gb 512Gb 14"" Win11",594989.0,https://www.mexx.com.ar/productos-rubro/notebooks/46101-notebook-hp-240-g8-core-i3-8gb-512gb-14-win11.html,mexx,2023-09-04 10:43:22
notebooks,"Notebook Hp 250 G8 Core i3 1115G4 8Gb 256Gb 15.6"" Win11",484369.0,https://www.mexx.com.ar/productos-rubro/notebooks/45671-notebook-hp-250-g8-core-i3-1115g4-8gb-256gb-15.6-win11.html,mexx,2023-09-04 10:43:22
notebooks,"Notebook Hp 250 G8 Core i3 1115G4 8Gb Ssd M2 480Gb 15.6"" Win11",506359.0,https://www.mexx.com.ar/productos-rubro/notebooks/45720-notebook-hp-250-g8-core-i3-1115g4-8gb-ssd-m2-480gb-15.6-win11#.html,mexx,2023-09-04 10:43:22
notebooks,"Notebook Hp 250 G8 Core i3 1115G4 8Gb Ssd M2 960Gb 15.6"" Win11",555359.0,https://www.mexx.com.ar/productos-rubro/notebooks/45726-notebook-hp-250-g8-core-i3-1115g4-8gb-ssd-m2-960gb-15.6-win11#.html,mexx,2023-09-04 10:43:22
notebooks,"Notebook Hp 250 G8 Core i3 1115G4 16Gb 256Gb 15.6"" Win11",504359.0,https://www.mexx.com.ar/productos-rubro/notebooks/45727-notebook-hp-250-g8-core-i3-1115g4-16gb-256gb-15.6-win11#.html,mexx,2023-09-04 10:43:22
notebooks,"Notebook Hp 250 G8 Core i3 1115G4 16Gb Ssd M2 480Gb 15.6"" Win11",526359.0,https://www.mexx.com.ar/productos-rubro/notebooks/45721-notebook-hp-250-g8-core-i3-1115g4-16gb-ssd-m2-480gb-15.6-win11#.html,mexx,2023-09-04 10:43:22
notebooks,"Notebook Hp 250 G8 Core i3 1115G4 16Gb Ssd M2 960Gb 15.6"" Win11",575359.0,https://www.mexx.com.ar/productos-rubro/notebooks/45723-notebook-hp-250-g8-core-i3-1115g4-16gb-ssd-m2-960gb-15.6-win11#.html,mexx,2023-09-04 10:43:22
notebooks,"Notebook Hp 250 G8 Core i3 1115G4 32Gb 256Gb 15.6"" Win11",536359.0,https://www.mexx.com.ar/productos-rubro/notebooks/45729-notebook-hp-250-g8-core-i3-1115g4-32gb-256gb-15.6-win11#.html,mexx,2023-09-04 10:43:22
notebooks,"Notebook Hp 250 G8 Core i3 1115G4 32Gb Ssd M2 480Gb 15.6"" Win11",558359.0,https://www.mexx.com.ar/productos-rubro/notebooks/45730-notebook-hp-250-g8-core-i3-1115g4-32gb-ssd-m2-480gb-15.6-win11#.html,mexx,2023-09-04 10:43:22
notebooks,"Notebook Hp 250 G8 Core i3 1115G4 32Gb Ssd M2 960Gb 15.6"" Win11",607359.0,https://www.mexx.com.ar/productos-rubro/notebooks/45731-notebook-hp-250-g8-core-i3-1115g4-32gb-ssd-m2-960gb-15.6-win11#.html,mexx,2023-09-04 10:43:22
notebooks,"Notebook Hp 250 G8 Core i5 1135G7 8Gb Ssd 256Gb 15.6"" Win11",544549.0,https://www.mexx.com.ar/productos-rubro/notebooks/45577-notebook-hp-250-g8-core-i5-1135g7-8gb-ssd-256gb-15.6-win11.html,mexx,2023-09-04 10:43:22
notebooks,"Notebook Hp 250 G8 Core i5 1135G7 8Gb Ssd M2 480Gb 15.6"" Win11",566539.0,https://www.mexx.com.ar/productos-rubro/notebooks/45702-notebook-hp-250-g8-core-i5-1135g7-8gb-ssd-m2-480gb-15.6-win11#.html,mexx,2023-09-04 10:43:22
notebooks,"Notebook Hp 250 G8 Core i5 1135G7 8Gb Ssd M2 960Gb 15.6"" Win11",615539.0,https://www.mexx.com.ar/productos-rubro/notebooks/45704-notebook-hp-250-g8-core-i5-1135g7-8gb-ssd-m2-960gb-15.6-win11#.html,mexx,2023-09-04 10:43:22
notebooks,"Notebook Hp 250 G8 Core i5 1135G7 16Gb Ssd M2 480Gb 15.6"" Win11",586539.0,https://www.mexx.com.ar/productos-rubro/notebooks/45705-notebook-hp-250-g8-core-i5-1135g7-16gb-ssd-m2-480gb-15.6-win11#.html,mexx,2023-09-04 10:43:22
notebooks,"Notebook Hp 250 G8 Core i5 1135G7 16Gb Ssd M2 960Gb 15.6"" Win11",635539.0,https://www.mexx.com.ar/productos-rubro/notebooks/45709-notebook-hp-250-g8-core-i5-1135g7-16gb-ssd-m2-960gb-15.6-win11#.html,mexx,2023-09-04 10:43:22
notebooks,"Notebook Hp 250 G8 Core i5 1135G7 32Gb 256Gb 15.6"" Win11",596539.0,https://www.mexx.com.ar/productos-rubro/notebooks/45708-notebook-hp-250-g8-core-i5-1135g7-32gb-256gb-15.6-win11#.html,mexx,2023-09-04 10:43:22
notebooks,"Notebook Hp 250 G8 Core i5 1135G7 32Gb Ssd M2 480Gb 15.6"" Win11",618539.0,https://www.mexx.com.ar/productos-rubro/notebooks/45710-notebook-hp-250-g8-core-i5-1135g7-32gb-ssd-m2-480gb-15.6-win11#.html,mexx,2023-09-04 10:43:22
notebooks,"Notebook Hp 250 G8 Core i5 1135G7 32Gb Ssd M2 960Gb 15.6"" Win11",667539.0,https://www.mexx.com.ar/productos-rubro/notebooks/45711-notebook-hp-250-g8-core-i5-1135g7-32gb-ssd-m2-960gb-15.6-win11#.html,mexx,2023-09-04 10:43:22
notebooks,"Notebook Hp 240 G8 Core i5 1135G7 8Gb Ssd 512 Gb 14"" W11",723999.0,https://www.mexx.com.ar/productos-rubro/notebooks/43283-notebook-hp-240-g8-core-i5-1135g7-8gb-ssd-512-gb-14-w11.html,mexx,2023-09-04 10:43:22
notebooks,"Notebook Hp 240 G8 Core i5 1135G7 8Gb Ssd M2 960Gb 14"" W11 ",772989.0,https://www.mexx.com.ar/productos-rubro/notebooks/46202-notebook-hp-240-g8-core-i5-1135g7-8gb-ssd-m2-960gb-14-w11-#.html,mexx,2023-09-04 10:43:22
notebooks,"Notebook Hp 240 G8 Core i5 1135G7 16Gb Ssd 512Gb 14"" Win11 ",743989.0,https://www.mexx.com.ar/productos-rubro/notebooks/43457-notebook-hp-240-g8-core-i5-1135g7-16gb-ssd-512gb-14-win11-#.html,mexx,2023-09-04 10:43:22
notebooks,"Notebook Hp 240 G8 Core i5 1135G7 16Gb Ssd M2 960Gb 14"" Win11 ",792989.0,https://www.mexx.com.ar/productos-rubro/notebooks/46203-notebook-hp-240-g8-core-i5-1135g7-16gb-ssd-m2-960gb-14-win11-#.html,mexx,2023-09-04 10:43:22
notebooks,"Notebook Hp 240 G8 Core i5 1135G7 24Gb Ssd 512Gb 14"" Win11 ",759989.0,https://www.mexx.com.ar/productos-rubro/notebooks/43458-notebook-hp-240-g8-core-i5-1135g7-24gb-ssd-512gb-14-win11-#.html,mexx,2023-09-04 10:43:22
notebooks,"Notebook Hp 240 G8 Core i5 1135G7 24Gb Ssd 960Gb 14"" Win11 ",808989.0,https://www.mexx.com.ar/productos-rubro/notebooks/46205-notebook-hp-240-g8-core-i5-1135g7-24gb-ssd-960gb-14-win11-#.html,mexx,2023-09-04 10:43:22
notebooks,"Notebook Hp 240 G8 Core i5 1135G7 32Gb Ssd 512Gb 14"" Win11 ",775989.0,https://www.mexx.com.ar/productos-rubro/notebooks/43459-notebook-hp-240-g8-core-i5-1135g7-32gb-ssd-512gb-14-win11-#.html,mexx,2023-09-04 10:43:22
notebooks,"Notebook Hp 240 G8 Core i5 1135G7 32Gb Ssd M2 960Gb 14"" Win11 ",824989.0,https://www.mexx.com.ar/productos-rubro/notebooks/46204-notebook-hp-240-g8-core-i5-1135g7-32gb-ssd-m2-960gb-14-win11-#.html,mexx,2023-09-04 10:43:22
notebooks,"Notebook Lenovo Yoga Slim 7 14ACN6 Ryzen 5 8Gb Ssd 512Gb 14"" W11",639999.0,https://www.mexx.com.ar/productos-rubro/notebooks/46039-notebook-lenovo-yoga-slim-7-14acn6-ryzen-5-8gb-ssd-512gb-14-w11.html,mexx,2023-09-04 10:43:22
notebooks,"Notebook Lenovo Yoga Slim Core i5-1235U 16Gb Ssd 512Gb 14"" W11",839919.0,https://www.mexx.com.ar/productos-rubro/notebooks/46038-notebook-lenovo-yoga-slim-core-i5-1235u-16gb-ssd-512gb-14-w11.html,mexx,2023-09-04 10:43:22
notebooks,"Notebook Lenovo Yoga Slim Core i5-1235U 16Gb Ssd M2 980Gb 14"" W11 ",888909.0,https://www.mexx.com.ar/productos-rubro/notebooks/46225-notebook-lenovo-yoga-slim-core-i5-1235u-16gb-ssd-m2-980gb-14-w11-#.html,mexx,2023-09-04 10:43:22
notebooks,"Notebook Lenovo IdeaPad 1 Ryzen 3 3250U 8Gb Ssd 256Gb 14""",399999.0,https://www.mexx.com.ar/productos-rubro/notebooks/46112-notebook-lenovo-ideapad-1-ryzen-3-3250u-8gb-ssd-256gb-14.html,mexx,2023-09-04 10:43:22
notebooks,"Notebook Lenovo IdeaPad 1 Ryzen 5 3500U 8Gb Ssd 256Gb 14""",448999.0,https://www.mexx.com.ar/productos-rubro/notebooks/46113-notebook-lenovo-ideapad-1-ryzen-5-3500u-8gb-ssd-256gb-14.html,mexx,2023-09-04 10:43:22
notebooks,"Notebook Lenovo IdeaPad 1 Ryzen 5 3500U 8Gb Ssd 512Gb 14""",458999.0,https://www.mexx.com.ar/productos-rubro/notebooks/46114-notebook-lenovo-ideapad-1-ryzen-5-3500u-8gb-ssd-512gb-14.html,mexx,2023-09-04 10:43:22
notebooks,"Notebook Lenovo IdeaPad 1 Ryzen 7 3700U 8Gb Ssd 512Gb 15""",594999.0,https://www.mexx.com.ar/productos-rubro/notebooks/46116-notebook-lenovo-ideapad-1-ryzen-7-3700u-8gb-ssd-512gb-15.html,mexx,2023-09-04 10:43:22
notebooks,"Notebook Lenovo IdeaPad 3 Celeron N4120 4Gb Ssd 256Gb 15"" W11",391999.0,https://www.mexx.com.ar/productos-rubro/notebooks/46117-notebook-lenovo-ideapad-3-celeron-n4120-4gb-ssd-256gb-15-w11.html,mexx,2023-09-04 10:43:22
notebooks,"Notebook Lenovo IdeaPad 1 Celeron N4120 4Gb Ssd 128Gb 14"" W11",308999.0,https://www.mexx.com.ar/productos-rubro/notebooks/46115-notebook-lenovo-ideapad-1-celeron-n4120-4gb-ssd-128gb-14-w11.html,mexx,2023-09-04 10:43:22
notebooks,"Notebook Lenovo IdeaPad 3 Ryzen 5 8Gb Ssd 256Gb 15.6"" Win11",483999.0,https://www.mexx.com.ar/productos-rubro/notebooks/46118-notebook-lenovo-ideapad-3-ryzen-5-8gb-ssd-256gb-15.6-win11.html,mexx,2023-09-04 10:43:22
notebooks,"Notebook Lenovo Ideapad 3 Ryzen 5 8Gb Ssd 512Gb 15.6"" Win11",692989.0,https://www.mexx.com.ar/productos-rubro/notebooks/46119-notebook-lenovo-ideapad-3-ryzen-5-8gb-ssd-512gb-15.6-win11.html,mexx,2023-09-04 10:43:22
notebooks,"Notebook Lenovo IdeaPad 3 Ryzen 7 16Gb Ssd 512Gb 15"" Win11",719849.0,https://www.mexx.com.ar/productos-rubro/notebooks/46120-notebook-lenovo-ideapad-3-ryzen-7-16gb-ssd-512gb-15-win11.html,mexx,2023-09-04 10:43:22
notebooks,"Notebook Lenovo Ideapad 3 Core i3 8Gb Ssd 256Gb 14"" Win11",509999.0,https://www.mexx.com.ar/productos-rubro/notebooks/46140-notebook-lenovo-ideapad-3-core-i3-8gb-ssd-256gb-14-win11.html,mexx,2023-09-04 10:43:22
notebooks,Notebook Lenovo Legion 5 Core i5 16Gb Ssd 512Gb RTX3060 6Gb Win11,969999.0,https://www.mexx.com.ar/productos-rubro/notebooks/46036-notebook-lenovo-legion-5-core-i5-16gb-ssd-512gb-rtx3060-6gb-win11.html,mexx,2023-09-04 10:43:22
notebooks,"Notebook Lenovo Legion 5 Pro Core i7 16Gb Ssd 512Gb GTX3050Ti 4Gb 16"" Win11",1200999.0,https://www.mexx.com.ar/productos-rubro/notebooks/46034-notebook-lenovo-legion-5-pro-core-i7-16gb-ssd-512gb-gtx3050ti-4gb-16-win11.html,mexx,2023-09-04 10:43:22
notebooks,"Notebook Lenovo IdeaPad 3 Core i5 8Gb Ssd 256Gb 15.6"" W11",615599.0,https://www.mexx.com.ar/productos-rubro/notebooks/46121-notebook-lenovo-ideapad-3-core-i5-8gb-ssd-256gb-15.6-w11.html,mexx,2023-09-04 10:43:22
notebooks,"Notebook Lenovo Ideapad 3 Core i5 16Gb Ssd 256Gb 1Tb GTX1650 4Gb 15.6"" W11",729999.0,https://www.mexx.com.ar/productos-rubro/notebooks/46037-notebook-lenovo-ideapad-3-core-i5-16gb-ssd-256gb-1tb-gtx1650-4gb-15.6-w11.html,mexx,2023-09-04 10:43:22
notebooks,"Notebook Lenovo Ideapad 3 Core i5 16Gb Ssd 480Gb 1Tb GTX1650 4Gb 15.6"" W11",751989.0,https://www.mexx.com.ar/productos-rubro/notebooks/46226-notebook-lenovo-ideapad-3-core-i5-16gb-ssd-480gb-1tb-gtx1650-4gb-15.6-w11#.html,mexx,2023-09-04 10:43:22
notebooks,"Notebook Lenovo Ideapad 3 Core i5 16Gb Ssd 960Gb 1Tb GTX1650 4Gb 15.6"" W11",800989.0,https://www.mexx.com.ar/productos-rubro/notebooks/46227-notebook-lenovo-ideapad-3-core-i5-16gb-ssd-960gb-1tb-gtx1650-4gb-15.6-w11#.html,mexx,2023-09-04 10:43:22
notebooks,"Notebook Lenovo Ideapad 3 Core i5 32Gb Ssd 256Gb 1Tb GTX1650 4Gb 15.6"" W11",765989.0,https://www.mexx.com.ar/productos-rubro/notebooks/46228-notebook-lenovo-ideapad-3-core-i5-32gb-ssd-256gb-1tb-gtx1650-4gb-15.6-w11#.html,mexx,2023-09-04 10:43:22
notebooks,"Notebook Lenovo Ideapad 3 Core i7 1165G7 8Gb Ssd 256Gb 15.6"" Win11",723999.0,https://www.mexx.com.ar/productos-rubro/notebooks/45168-notebook-lenovo-ideapad-3-core-i7-1165g7-8gb-ssd-256gb-15.6-win11.html,mexx,2023-09-04 10:43:22
notebooks,"Notebook Lenovo IdeaPad Flex 5 Core i3-1005G1 4Gb Ssd 256Gb 14"" Win10",419999.0,https://www.mexx.com.ar/productos-rubro/notebooks/42985-notebook-lenovo-ideapad-flex-5-core-i3-1005g1-4gb-ssd-256gb-14-win10.html,mexx,2023-09-04 10:43:22
notebooks,"Notebook Lenovo IdeaPad Flex 5 Core i3-1005G1 4Gb Ssd M2 480Gb 14"" Win10",443989.0,https://www.mexx.com.ar/productos-rubro/notebooks/46018-notebook-lenovo-ideapad-flex-5-core-i3-1005g1-4gb-ssd-m2-480gb-14-win10#.html,mexx,2023-09-04 10:43:22
notebooks,"Notebook Lenovo IdeaPad Flex 5 Core i3-1005G1 4Gb Ssd M2 960Gb 14"" Win10",490989.0,https://www.mexx.com.ar/productos-rubro/notebooks/46019-notebook-lenovo-ideapad-flex-5-core-i3-1005g1-4gb-ssd-m2-960gb-14-win10#.html,mexx,2023-09-04 10:43:22
notebooks,"Notebook Acer Aspire 3 Celeron N4000 4Gb 500Gb 15.6"" W10",275999.0,https://www.mexx.com.ar/productos-rubro/notebooks/45761-notebook-acer-aspire-3-celeron-n4000-4gb-500gb-15.6-w10.html,mexx,2023-09-04 10:43:22
notebooks,"Notebook Acer Aspire 3 Ryzen 5 3500U 8Gb Ssd 256Gb 15.6"" Win11",736999.0,https://www.mexx.com.ar/productos-rubro/notebooks/43319-notebook-acer-aspire-3-ryzen-5-3500u-8gb-ssd-256gb-15.6-win11.html,mexx,2023-09-04 10:43:22
notebooks,"Notebook Acer Aspire 3 Ryzen 5 3500U 8Gb Ssd M2 480Gb 15.6"" Win11 ",760989.0,https://www.mexx.com.ar/productos-rubro/notebooks/46187-notebook-acer-aspire-3-ryzen-5-3500u-8gb-ssd-m2-480gb-15.6-win11-#.html,mexx,2023-09-04 10:43:22
notebooks,"Notebook Acer Aspire 3 Ryzen 5 3500U 8Gb Ssd M2 960Gb 15.6"" Win11 ",807989.0,https://www.mexx.com.ar/productos-rubro/notebooks/46188-notebook-acer-aspire-3-ryzen-5-3500u-8gb-ssd-m2-960gb-15.6-win11-#.html,mexx,2023-09-04 10:43:22
notebooks,"Notebook Acer Aspire 3 Ryzen 5 3500U 12Gb Ssd 256Gb 15.6"" Win11 ",744489.0,https://www.mexx.com.ar/productos-rubro/notebooks/43606-notebook-acer-aspire-3-ryzen-5-3500u-12gb-ssd-256gb-15.6-win11-#.html,mexx,2023-09-04 10:43:22
notebooks,"Notebook Acer Aspire 3 Ryzen 5 3500U 12Gb Ssd M2 480Gb 15.6"" Win11 ",766489.0,https://www.mexx.com.ar/productos-rubro/notebooks/44632-notebook-acer-aspire-3-ryzen-5-3500u-12gb-ssd-m2-480gb-15.6-win11-#.html,mexx,2023-09-04 10:43:22
notebooks,"Notebook Acer Aspire 3 Ryzen 5 3500U 12Gb Ssd M2 960Gb 15.6"" Win11 ",815489.0,https://www.mexx.com.ar/productos-rubro/notebooks/44634-notebook-acer-aspire-3-ryzen-5-3500u-12gb-ssd-m2-960gb-15.6-win11-#.html,mexx,2023-09-04 10:43:22
notebooks,"Notebook Acer Aspire 3 Ryzen 5 3500U 20Gb Ssd 256Gb 15.6"" Win11 ",760489.0,https://www.mexx.com.ar/productos-rubro/notebooks/45970-notebook-acer-aspire-3-ryzen-5-3500u-20gb-ssd-256gb-15.6-win11-#.html,mexx,2023-09-04 10:43:22
notebooks,"Notebook Acer Aspire 3 Ryzen 5 3500U 20Gb Ssd M2 480Gb 15.6"" Win11 ",782489.0,https://www.mexx.com.ar/productos-rubro/notebooks/45971-notebook-acer-aspire-3-ryzen-5-3500u-20gb-ssd-m2-480gb-15.6-win11-#.html,mexx,2023-09-04 10:43:22
notebooks,"Notebook Acer Aspire 3 Ryzen 5 3500U 20Gb Ssd M2 960Gb 15.6"" Win11 ",818989.0,https://www.mexx.com.ar/productos-rubro/notebooks/45972-notebook-acer-aspire-3-ryzen-5-3500u-20gb-ssd-m2-960gb-15.6-win11-#.html,mexx,2023-09-04 10:43:22
notebooks,"Notebook Acer Aspire 3 Core i3 8Gb Ssd 256Gb 15.6"" Win11",497989.0,https://www.mexx.com.ar/productos-rubro/notebooks/45459-notebook-acer-aspire-3-core-i3-8gb-ssd-256gb-15.6-win11.html,mexx,2023-09-04 10:43:22
notebooks,"Notebook Acer Aspire 3 Core i3 8Gb Ssd M2 480Gb 15.6"" Win11 ",521979.0,https://www.mexx.com.ar/productos-rubro/notebooks/45544-notebook-acer-aspire-3-core-i3-8gb-ssd-m2-480gb-15.6-win11-#.html,mexx,2023-09-04 10:43:22
notebooks,"Notebook Acer Aspire 3 Core i3 8Gb Ssd M2 960Gb 15.6"" Win11 ",568979.0,https://www.mexx.com.ar/productos-rubro/notebooks/45545-notebook-acer-aspire-3-core-i3-8gb-ssd-m2-960gb-15.6-win11-#.html,mexx,2023-09-04 10:43:22
notebooks,"Notebook Acer Aspire 3 Core i3 12Gb Ssd 256Gb 15.6"" Win11 ",505479.0,https://www.mexx.com.ar/productos-rubro/notebooks/45546-notebook-acer-aspire-3-core-i3-12gb-ssd-256gb-15.6-win11-#.html,mexx,2023-09-04 10:43:22
notebooks,"Notebook Acer Aspire 3 Core i3 12Gb Ssd M2 480Gb 15.6"" Win11 ",527479.0,https://www.mexx.com.ar/productos-rubro/notebooks/45547-notebook-acer-aspire-3-core-i3-12gb-ssd-m2-480gb-15.6-win11-#.html,mexx,2023-09-04 10:43:22
notebooks,"Notebook Acer Aspire 3 Core i3 12Gb Ssd M2 960Gb 15.6"" Win11 ",576479.0,https://www.mexx.com.ar/productos-rubro/notebooks/45548-notebook-acer-aspire-3-core-i3-12gb-ssd-m2-960gb-15.6-win11-#.html,mexx,2023-09-04 10:43:22
notebooks,"Notebook Acer Aspire 3 Core i3 20Gb Ssd 256Gb 15.6"" Win11 ",521479.0,https://www.mexx.com.ar/productos-rubro/notebooks/46137-notebook-acer-aspire-3-core-i3-20gb-ssd-256gb-15.6-win11-#.html,mexx,2023-09-04 10:43:22
notebooks,"Notebook Acer Aspire 3 Core i3 20Gb Ssd M2 480Gb 15.6"" Win11 ",543479.0,https://www.mexx.com.ar/productos-rubro/notebooks/46138-notebook-acer-aspire-3-core-i3-20gb-ssd-m2-480gb-15.6-win11-#.html,mexx,2023-09-04 10:43:22
notebooks,"Notebook Acer Aspire 3 Core i3 20Gb Ssd M2 960Gb 15.6"" Win11 ",592479.0,https://www.mexx.com.ar/productos-rubro/notebooks/46139-notebook-acer-aspire-3-core-i3-20gb-ssd-m2-960gb-15.6-win11-#.html,mexx,2023-09-04 10:43:22
notebooks,"Notebook Acer Aspire 5 Core i5 8Gb Ssd 256Gb 15.6"" Win10",600999.0,https://www.mexx.com.ar/productos-rubro/notebooks/43372-notebook-acer-aspire-5-core-i5-8gb-ssd-256gb-15.6-win10.html,mexx,2023-09-04 10:43:22
notebooks,"Notebook Acer Aspire 5 Core i5 8Gb Ssd 256Gb Ssd 480Gb 15.6"" Win10",627989.0,https://www.mexx.com.ar/productos-rubro/notebooks/45623-notebook-acer-aspire-5-core-i5-8gb-ssd-256gb-ssd-480gb-15.6-win10#.html,mexx,2023-09-04 10:43:22
notebooks,"Notebook Acer Aspire 5 Core i5 8Gb Ssd 256Gb Ssd 960Gb 15.6"" Win10",645989.0,https://www.mexx.com.ar/productos-rubro/notebooks/45622-notebook-acer-aspire-5-core-i5-8gb-ssd-256gb-ssd-960gb-15.6-win10#.html,mexx,2023-09-04 10:43:22
notebooks,"Notebook Acer Aspire 5 Core i5 12Gb Ssd 256Gb 15.6"" Win10 ",608489.0,https://www.mexx.com.ar/productos-rubro/notebooks/43562-notebook-acer-aspire-5-core-i5-12gb-ssd-256gb-15.6-win10-#.html,mexx,2023-09-04 10:43:22
notebooks,"Notebook Acer Aspire 5 Core i5 12Gb Ssd 256Gb Ssd 480Gb 15.6"" Win10 ",635489.0,https://www.mexx.com.ar/productos-rubro/notebooks/45625-notebook-acer-aspire-5-core-i5-12gb-ssd-256gb-ssd-480gb-15.6-win10-#.html,mexx,2023-09-04 10:43:22
notebooks,"Notebook Acer Aspire 5 Core i5 12Gb Ssd 256Gb Ssd 960Gb 15.6"" Win10 ",653489.0,https://www.mexx.com.ar/productos-rubro/notebooks/45624-notebook-acer-aspire-5-core-i5-12gb-ssd-256gb-ssd-960gb-15.6-win10-#.html,mexx,2023-09-04 10:43:22
notebooks,"Notebook Acer Aspire 5 Core i5 20Gb Ssd 256Gb 15.6"" Win10 ",624489.0,https://www.mexx.com.ar/productos-rubro/notebooks/44017-notebook-acer-aspire-5-core-i5-20gb-ssd-256gb-15.6-win10-#.html,mexx,2023-09-04 10:43:22
notebooks,"Notebook Acer Aspire 5 Core i5 20Gb Ssd 256Gb Ssd 480Gb 15.6"" Win10 ",651489.0,https://www.mexx.com.ar/productos-rubro/notebooks/45627-notebook-acer-aspire-5-core-i5-20gb-ssd-256gb-ssd-480gb-15.6-win10-#.html,mexx,2023-09-04 10:43:22
notebooks,"Notebook Acer Aspire 5 Core i5 20Gb Ssd 256Gb Ssd 960Gb 15.6"" Win10 ",669489.0,https://www.mexx.com.ar/productos-rubro/notebooks/45626-notebook-acer-aspire-5-core-i5-20gb-ssd-256gb-ssd-960gb-15.6-win10-#.html,mexx,2023-09-04 10:43:22
notebooks,"Notebook Acer Aspire 5 Core i7 8Gb Ssd 256Gb 15.6"" Win11",754999.0,https://www.mexx.com.ar/productos-rubro/notebooks/45762-notebook-acer-aspire-5-core-i7-8gb-ssd-256gb-15.6-win11.html,mexx,2023-09-04 10:43:22
notebooks,"Notebook Acer Aspire 5 Core i7 8Gb Ssd 256Gb Ssd 480Gb 15.6"" Win11 ",781989.0,https://www.mexx.com.ar/productos-rubro/notebooks/45980-notebook-acer-aspire-5-core-i7-8gb-ssd-256gb-ssd-480gb-15.6-win11-#.html,mexx,2023-09-04 10:43:22
notebooks,"Notebook Acer Aspire 5 Core i7 8Gb Ssd 256Gb Ssd 960Gb 15.6"" Win11 ",799989.0,https://www.mexx.com.ar/productos-rubro/notebooks/45981-notebook-acer-aspire-5-core-i7-8gb-ssd-256gb-ssd-960gb-15.6-win11-#.html,mexx,2023-09-04 10:43:22
notebooks,"Notebook Acer Aspire 5 Core i7 12Gb Ssd 256Gb 15.6"" Win11 ",762489.0,https://www.mexx.com.ar/productos-rubro/notebooks/45982-notebook-acer-aspire-5-core-i7-12gb-ssd-256gb-15.6-win11-#.html,mexx,2023-09-04 10:43:22
notebooks,"Notebook Acer Aspire 5 Core i7 12Gb Ssd 256Gb Ssd 480Gb 15.6"" Win11 ",789489.0,https://www.mexx.com.ar/productos-rubro/notebooks/45983-notebook-acer-aspire-5-core-i7-12gb-ssd-256gb-ssd-480gb-15.6-win11-#.html,mexx,2023-09-04 10:43:22
notebooks,"Notebook Acer Aspire 5 Core i7 12Gb Ssd 256Gb Ssd 960Gb 15.6"" Win11 ",807489.0,https://www.mexx.com.ar/productos-rubro/notebooks/45984-notebook-acer-aspire-5-core-i7-12gb-ssd-256gb-ssd-960gb-15.6-win11-#.html,mexx,2023-09-04 10:43:22
notebooks,"Notebook Acer Aspire 5 Core i7 20Gb Ssd 256Gb 15.6"" Win11 ",778489.0,https://www.mexx.com.ar/productos-rubro/notebooks/45997-notebook-acer-aspire-5-core-i7-20gb-ssd-256gb-15.6-win11-#.html,mexx,2023-09-04 10:43:22
notebooks,"Notebook Acer Aspire 5 Core i7 20Gb Ssd 256Gb Ssd 480Gb 15.6"" Win11 ",805489.0,https://www.mexx.com.ar/productos-rubro/notebooks/45998-notebook-acer-aspire-5-core-i7-20gb-ssd-256gb-ssd-480gb-15.6-win11-#.html,mexx,2023-09-04 10:43:22
notebooks,"Notebook Acer Aspire 5 Core i7 20Gb Ssd 256Gb Ssd 960Gb 15.6"" Win11 ",823489.0,https://www.mexx.com.ar/productos-rubro/notebooks/45999-notebook-acer-aspire-5-core-i7-20gb-ssd-256gb-ssd-960gb-15.6-win11-#.html,mexx,2023-09-04 10:43:22
notebooks,"Notebook Gamer Acer Core i7-12700H 16Gb Ssd 1Tb RTX3060 6Gb 15.6"" WIN11",1449789.0,https://www.mexx.com.ar/productos-rubro/notebooks/45289-notebook-gamer-acer-core-i7-12700h-16gb-ssd-1tb-rtx3060-6gb-15.6-win11.html,mexx,2023-09-04 10:43:22
notebooks,"Notebook Gamer Acer Nitro 5 Ryzen 7 8Gb Ssd 512Gb GTX1650 4Gb 15.6"" Win11",969229.0,https://www.mexx.com.ar/productos-rubro/notebooks/45290-notebook-gamer-acer-nitro-5-ryzen-7-8gb-ssd-512gb-gtx1650-4gb-15.6-win11.html,mexx,2023-09-04 10:43:22
notebooks,"Notebook Acer Nitro 5 Ryzen 7 8Gb Ssd 512Gb Ssd 960Gb GTX1650 4Gb 15.6"" W11",1014219.0,https://www.mexx.com.ar/productos-rubro/notebooks/45612-notebook-acer-nitro-5-ryzen-7-8gb-ssd-512gb-ssd-960gb-gtx1650-4gb-15.6-w11.html,mexx,2023-09-04 10:43:22
notebooks,"Notebook Gamer Acer Nitro 5 Ryzen 7 16Gb Ssd 512Gb GTX1650 4Gb 15.6"" Win11",989219.0,https://www.mexx.com.ar/productos-rubro/notebooks/45613-notebook-gamer-acer-nitro-5-ryzen-7-16gb-ssd-512gb-gtx1650-4gb-15.6-win11#.html,mexx,2023-09-04 10:43:22
notebooks,"Notebook Acer Nitro 5 Ryzen 7 16Gb Ssd 512Gb Ssd 960Gb GTX1650 4Gb 15.6"" W",1034219.0,https://www.mexx.com.ar/productos-rubro/notebooks/45614-notebook-acer-nitro-5-ryzen-7-16gb-ssd-512gb-ssd-960gb-gtx1650-4gb-15.6-w#.html,mexx,2023-09-04 10:43:22
notebooks,"Notebook Gamer Acer Nitro 5 Ryzen 7 32Gb Ssd 512Gb GTX1650 4Gb 15.6"" Win11",1021219.0,https://www.mexx.com.ar/productos-rubro/notebooks/45615-notebook-gamer-acer-nitro-5-ryzen-7-32gb-ssd-512gb-gtx1650-4gb-15.6-win11#.html,mexx,2023-09-04 10:43:22
notebooks,"Notebook Acer Nitro 5 Ryzen 7 32Gb Ssd 512Gb Ssd 960Gb GTX1650 4Gb 15.6"" W",1066219.0,https://www.mexx.com.ar/productos-rubro/notebooks/45616-notebook-acer-nitro-5-ryzen-7-32gb-ssd-512gb-ssd-960gb-gtx1650-4gb-15.6-w#.html,mexx,2023-09-04 10:43:22
notebooks,"Notebook Dell Vostro 3405 Ryzen 5 8Gb Ssd 256Gb 14""",608999.0,https://www.mexx.com.ar/productos-rubro/notebooks/41365-notebook-dell-vostro-3405-ryzen-5-8gb-ssd-256gb-14.html,mexx,2023-09-04 10:43:22
notebooks,"Notebook Dell Vostro 3405 Ryzen 5 8Gb Ssd 256Gb 1Tb 14"" ",626489.0,https://www.mexx.com.ar/productos-rubro/notebooks/46166-notebook-dell-vostro-3405-ryzen-5-8gb-ssd-256gb-1tb-14-#.html,mexx,2023-09-04 10:43:22
notebooks,"Notebook Dell Vostro 3405 Ryzen 5 8Gb Ssd M2 480Gb 1Tb 14"" ",648489.0,https://www.mexx.com.ar/productos-rubro/notebooks/46167-notebook-dell-vostro-3405-ryzen-5-8gb-ssd-m2-480gb-1tb-14-#.html,mexx,2023-09-04 10:43:22
notebooks,"Notebook Dell Vostro 3405 Ryzen 5 16Gb Ssd 256Gb 14"" ",628989.0,https://www.mexx.com.ar/productos-rubro/notebooks/46169-notebook-dell-vostro-3405-ryzen-5-16gb-ssd-256gb-14-#.html,mexx,2023-09-04 10:43:22
notebooks,"Notebook Dell Vostro 3405 Ryzen 5 16Gb Ssd 256Gb 1Tb 14"" ",646489.0,https://www.mexx.com.ar/productos-rubro/notebooks/46170-notebook-dell-vostro-3405-ryzen-5-16gb-ssd-256gb-1tb-14-#.html,mexx,2023-09-04 10:43:22
notebooks,"Notebook Dell Vostro 3405 Ryzen 5 16Gb Ssd M2 480Gb 1Tb 14"" ",668489.0,https://www.mexx.com.ar/productos-rubro/notebooks/46171-notebook-dell-vostro-3405-ryzen-5-16gb-ssd-m2-480gb-1tb-14-#.html,mexx,2023-09-04 10:43:22
notebooks,"Notebook Noblex 3 Core i3 1115G4 8Gb Ssd 256Gb 14""",294549.0,https://www.mexx.com.ar/productos-rubro/notebooks/46070-notebook-noblex-3-core-i3-1115g4-8gb-ssd-256gb-14.html,mexx,2023-09-04 10:43:22
notebooks,"Notebook Samsung Galaxy Book3 Core i3 256Gb 8Gb 15.6"" Win11 Plateado",506999.0,https://www.mexx.com.ar/productos-rubro/notebooks/46008-notebook-samsung-galaxy-book3-core-i3-256gb-8gb-15.6-win11-plateado.html,mexx,2023-09-04 10:43:22
notebooks,"Notebook Samsung Galaxy Book3 Pro Core i5 512Gb 16Gb 14"" Win11 Beige",1094999.0,https://www.mexx.com.ar/productos-rubro/notebooks/45961-notebook-samsung-galaxy-book3-pro-core-i5-512gb-16gb-14-win11-beige.html,mexx,2023-09-04 10:43:22
notebooks,"Notebook Samsung Galaxy Book3 Pro Core i5 512Gb 16Gb 14"" Win11 Negro",1094999.0,https://www.mexx.com.ar/productos-rubro/notebooks/46014-notebook-samsung-galaxy-book3-pro-core-i5-512gb-16gb-14-win11-negro.html,mexx,2023-09-04 10:43:22
notebooks,"Notebook Samsung Galaxy Book3 Core i5 512Gb 8Gb 15.6"" Win11 Silver",609999.0,https://www.mexx.com.ar/productos-rubro/notebooks/45962-notebook-samsung-galaxy-book3-core-i5-512gb-8gb-15.6-win11-silver.html,mexx,2023-09-04 10:43:22
notebooks,"Notebook Samsung Galaxy Book3 Core i5 512Gb Ssd M2 960Gb 8Gb 15.6"" Win11 ",688989.0,https://www.mexx.com.ar/productos-rubro/notebooks/46029-notebook-samsung-galaxy-book3-core-i5-512gb-ssd-m2-960gb-8gb-15.6-win11-#.html,mexx,2023-09-04 10:43:22
memorias-ram,Memoria Ram DDR4 - 8Gb 3200 Mhz Adata Value ,18899.0,https://www.mexx.com.ar/productos-rubro/memorias-ram/44441-memoria-ram-ddr4-8gb-3200-mhz-adata-value.html,mexx,2023-09-04 10:43:22
memorias-ram,Memoria Ram DDR4 - 8Gb 3200 Mhz Kingston Value ,17999.0,https://www.mexx.com.ar/productos-rubro/memorias-ram/40364-memoria-ram-ddr4-8gb-3200-mhz-kingston-value.html,mexx,2023-09-04 10:43:22
memorias-ram,Memoria Ram DDR4 - 8Gb 3200 Mhz Xpg Spectrix D45 Rgb ,22999.0,https://www.mexx.com.ar/productos-rubro/memorias-ram/45894-memoria-ram-ddr4-8gb-3200-mhz-xpg-spectrix-d45-rgb.html,mexx,2023-09-04 10:43:22
memorias-ram,Memoria Ram DDR4 - 8Gb 3200 Mhz Xpg Spectrix D50 Rgb,27299.0,https://www.mexx.com.ar/productos-rubro/memorias-ram/45893-memoria-ram-ddr4-8gb-3200-mhz-xpg-spectrix-d50-rgb.html,mexx,2023-09-04 10:43:22
memorias-ram,Memoria Ram DDR4 - 8Gb 3200 Mhz Corsair Vengeance Rgb Pro Negro,33999.0,https://www.mexx.com.ar/productos-rubro/memorias-ram/40887-memoria-ram-ddr4-8gb-3200-mhz-corsair-vengeance-rgb-pro-negro.html,mexx,2023-09-04 10:43:22
memorias-ram,Memoria Ram DDR4 - 8Gb 3200 Mhz Corsair Vengeance Rgb RS Negro,32999.0,https://www.mexx.com.ar/productos-rubro/memorias-ram/40886-memoria-ram-ddr4-8gb-3200-mhz-corsair-vengeance-rgb-rs-negro.html,mexx,2023-09-04 10:43:22
memorias-ram,Memoria Ram DDR4 - 8Gb 3200 Mhz Xpg Spectrix D41 Rgb Negro,23999.0,https://www.mexx.com.ar/productos-rubro/memorias-ram/46181-memoria-ram-ddr4-8gb-3200-mhz-xpg-spectrix-d41-rgb-negro.html,mexx,2023-09-04 10:43:22
memorias-ram,Memoria Ram DDR4 - 8Gb 3200 Mhz Xpg Spectrix D60G Rgb,34499.0,https://www.mexx.com.ar/productos-rubro/memorias-ram/38192-memoria-ram-ddr4-8gb-3200-mhz-xpg-spectrix-d60g-rgb.html,mexx,2023-09-04 10:43:22
memorias-ram,Memoria Ram DDR4 - 8Gb 3200 Mhz Xpg Spectrix D45 Rgb Blanco,24469.0,https://www.mexx.com.ar/productos-rubro/memorias-ram/46189-memoria-ram-ddr4-8gb-3200-mhz-xpg-spectrix-d45-rgb-blanco.html,mexx,2023-09-04 10:43:22
memorias-ram,Memoria Ram DDR4 - 8Gb 3600 Mhz Kingston Fury Renegade ,39999.0,https://www.mexx.com.ar/productos-rubro/memorias-ram/40874-memoria-ram-ddr4-8gb-3600-mhz-kingston-fury-renegade.html,mexx,2023-09-04 10:43:22
memorias-ram,Memoria Ram DDR4 - 8Gb 3600 Mhz Kingston Fury Renegade Rgb,44999.0,https://www.mexx.com.ar/productos-rubro/memorias-ram/41267-memoria-ram-ddr4-8gb-3600-mhz-kingston-fury-renegade-rgb.html,mexx,2023-09-04 10:43:22
memorias-ram,Memoria Ram DDR4 - 8Gb 3600 Mhz Corsair Vengeance Pro Rgb Negro,31999.0,https://www.mexx.com.ar/productos-rubro/memorias-ram/40888-memoria-ram-ddr4-8gb-3600-mhz-corsair-vengeance-pro-rgb-negro.html,mexx,2023-09-04 10:43:22
memorias-ram,Memoria Ram DDR4 - 8Gb 3600 Mhz Xpg Spectrix D60G Rgb,32859.0,https://www.mexx.com.ar/productos-rubro/memorias-ram/43530-memoria-ram-ddr4-8gb-3600-mhz-xpg-spectrix-d60g-rgb.html,mexx,2023-09-04 10:43:22
memorias-ram,Memoria Ram DDR4 - 8Gb 3600 Mhz Xpg Spectrix D41 Rgb,27999.0,https://www.mexx.com.ar/productos-rubro/memorias-ram/45895-memoria-ram-ddr4-8gb-3600-mhz-xpg-spectrix-d41-rgb.html,mexx,2023-09-04 10:43:22
memorias-ram,Memoria Ram DDR4 - 8Gb 3600 Mhz Xpg Spectrix D50 Rgb,29299.0,https://www.mexx.com.ar/productos-rubro/memorias-ram/45896-memoria-ram-ddr4-8gb-3600-mhz-xpg-spectrix-d50-rgb.html,mexx,2023-09-04 10:43:22
memorias-ram,Memoria Ram DDR4 - 16Gb 3200 Mhz Corsair Vengeance Rs Rgb Negro,48299.0,https://www.mexx.com.ar/productos-rubro/memorias-ram/40891-memoria-ram-ddr4-16gb-3200-mhz-corsair-vengeance-rs-rgb-negro.html,mexx,2023-09-04 10:43:22
memorias-ram,Memoria Ram DDR4 - 16Gb 3200 Mhz Kingston Value ,36999.0,https://www.mexx.com.ar/productos-rubro/memorias-ram/39770-memoria-ram-ddr4-16gb-3200-mhz-kingston-value.html,mexx,2023-09-04 10:43:22
memorias-ram,Memoria Ram DDR4 - 16Gb 2x8 3200 Mhz Corsair Vengeance Rgb Rs,54999.0,https://www.mexx.com.ar/productos-rubro/memorias-ram/41134-memoria-ram-ddr4-16gb-2x8-3200-mhz-corsair-vengeance-rgb-rs.html,mexx,2023-09-04 10:43:22
memorias-ram,Memoria Ram DDR4 - 16Gb 2x8 3200 Mhz Corsair Vengance Rgb Pro Blanco,59999.0,https://www.mexx.com.ar/productos-rubro/memorias-ram/39382-memoria-ram-ddr4-16gb-2x8-3200-mhz-corsair-vengance-rgb-pro-blanco.html,mexx,2023-09-04 10:43:22
memorias-ram,Memoria Ram DDR4 - 16Gb 2x8 3200 Mhz Corsair Vengance Rgb Pro Negro,59999.0,https://www.mexx.com.ar/productos-rubro/memorias-ram/39381-memoria-ram-ddr4-16gb-2x8-3200-mhz-corsair-vengance-rgb-pro-negro.html,mexx,2023-09-04 10:43:22
memorias-ram,Memoria Ram DDR4 - 16Gb 2x8 3600 Mhz Xpg Spectrix D45 Rgb Blanco,51999.0,https://www.mexx.com.ar/productos-rubro/memorias-ram/45898-memoria-ram-ddr4-16gb-2x8-3600-mhz-xpg-spectrix-d45-rgb-blanco.html,mexx,2023-09-04 10:43:22
memorias-ram,Memoria Ram DDR4 - 16Gb 2x8 3600 Mhz Xpg Spectrix D45 Rgb,52999.0,https://www.mexx.com.ar/productos-rubro/memorias-ram/45897-memoria-ram-ddr4-16gb-2x8-3600-mhz-xpg-spectrix-d45-rgb.html,mexx,2023-09-04 10:43:22
memorias-ram,Memoria Ram DDR4 - 16Gb 2x8 3600 Mhz Pny XLR8 Gaming Epic-x Rgb Plateado,53499.0,https://www.mexx.com.ar/productos-rubro/memorias-ram/44770-memoria-ram-ddr4-16gb-2x8-3600-mhz-pny-xlr8-gaming-epic-x-rgb-plateado.html,mexx,2023-09-04 10:43:22
memorias-ram,Memoria Ram DDR4 - 16Gb 2x8 3600 Mhz Corsair Vengeance Rgb Rs Negro,61999.0,https://www.mexx.com.ar/productos-rubro/memorias-ram/40894-memoria-ram-ddr4-16gb-2x8-3600-mhz-corsair-vengeance-rgb-rs-negro.html,mexx,2023-09-04 10:43:22
memorias-ram,Memoria Ram DDR4 - 16Gb 2x8 3600 Mhz Corsair Vengance Rgb Pro Negro,63999.0,https://www.mexx.com.ar/productos-rubro/memorias-ram/39383-memoria-ram-ddr4-16gb-2x8-3600-mhz-corsair-vengance-rgb-pro-negro.html,mexx,2023-09-04 10:43:22
memorias-ram,Memoria Ram DDR4 - 16Gb 2x8 3600 Mhz Corsair Vengance Rgb Pro Blanco,63999.0,https://www.mexx.com.ar/productos-rubro/memorias-ram/39384-memoria-ram-ddr4-16gb-2x8-3600-mhz-corsair-vengance-rgb-pro-blanco.html,mexx,2023-09-04 10:43:22
memorias-ram,Memoria Ram DDR4 - 32Gb 2x16 3200 Mhz Corsair Vengeance Rgb Pro Blanco ,98999.0,https://www.mexx.com.ar/productos-rubro/memorias-ram/36272-memoria-ram-ddr4-32gb-2x16-3200-mhz-corsair-vengeance-rgb-pro-blanco.html,mexx,2023-09-04 10:43:22
memorias-ram,Memoria Ram DDR4 - 32Gb 2x16 3200 Mhz Corsair Vengeance Rgb Rs Negro ,98999.0,https://www.mexx.com.ar/productos-rubro/memorias-ram/40897-memoria-ram-ddr4-32gb-2x16-3200-mhz-corsair-vengeance-rgb-rs-negro.html,mexx,2023-09-04 10:43:22
memorias-ram,Memoria Ram DDR5 - 8Gb 4800 Mhz Kingston Value ,29999.0,https://www.mexx.com.ar/productos-rubro/memorias-ram/42708-memoria-ram-ddr5-8gb-4800-mhz-kingston-value.html,mexx,2023-09-04 10:43:22
memorias-ram,Memoria Ram DDR5 - 8Gb 4800 Mhz Adata,37329.0,https://www.mexx.com.ar/productos-rubro/memorias-ram/42392-memoria-ram-ddr5-8gb-4800-mhz-adata.html,mexx,2023-09-04 10:43:22
memorias-ram,Memoria Ram DDR5 - 8Gb 4800 Mhz Kingston Fury Beast ,58299.0,https://www.mexx.com.ar/productos-rubro/memorias-ram/42557-memoria-ram-ddr5-8gb-4800-mhz-kingston-fury-beast.html,mexx,2023-09-04 10:43:22
memorias-ram,Memoria Ram DDR5 - 8Gb 4800 Mhz Kingston Fury Beast Rgb,59999.0,https://www.mexx.com.ar/productos-rubro/memorias-ram/44121-memoria-ram-ddr5-8gb-4800-mhz-kingston-fury-beast-rgb.html,mexx,2023-09-04 10:43:22
memorias-ram,Memoria Ram DDR5 - 8Gb 5200 Mhz Kingston Fury Beast ,61999.0,https://www.mexx.com.ar/productos-rubro/memorias-ram/46015-memoria-ram-ddr5-8gb-5200-mhz-kingston-fury-beast.html,mexx,2023-09-04 10:43:22
memorias-ram,Memoria Ram DDR5 - 8Gb 5200 Mhz Kingston Fury Beast Rgb,62999.0,https://www.mexx.com.ar/productos-rubro/memorias-ram/46050-memoria-ram-ddr5-8gb-5200-mhz-kingston-fury-beast-rgb.html,mexx,2023-09-04 10:43:22
memorias-ram,Memoria Ram DDR5 - 16Gb 4800 Mhz Kingston Fury Beast ,99599.0,https://www.mexx.com.ar/productos-rubro/memorias-ram/41629-memoria-ram-ddr5-16gb-4800-mhz-kingston-fury-beast.html,mexx,2023-09-04 10:43:22
memorias-ram,Memoria Ram DDR5 - 16Gb 4800 Mhz Kingston Fury Beast Rgb,109999.0,https://www.mexx.com.ar/productos-rubro/memorias-ram/45957-memoria-ram-ddr5-16gb-4800-mhz-kingston-fury-beast-rgb.html,mexx,2023-09-04 10:43:22
memorias-ram,Memoria Ram DDR5 - 16Gb 5200 Mhz Kingston Fury Beast ,106979.0,https://www.mexx.com.ar/productos-rubro/memorias-ram/42921-memoria-ram-ddr5-16gb-5200-mhz-kingston-fury-beast.html,mexx,2023-09-04 10:43:22
memorias-ram,Memoria Ram DDR5 - 16Gb 5200 Mhz Kingston Fury Beast Rgb,107869.0,https://www.mexx.com.ar/productos-rubro/memorias-ram/45958-memoria-ram-ddr5-16gb-5200-mhz-kingston-fury-beast-rgb.html,mexx,2023-09-04 10:43:22
memorias-ram,Memoria Ram DDR5 - 16Gb 6000 Mhz Kingston Fury Renegade,106799.0,https://www.mexx.com.ar/productos-rubro/memorias-ram/45959-memoria-ram-ddr5-16gb-6000-mhz-kingston-fury-renegade.html,mexx,2023-09-04 10:43:22
memorias-ram,Memoria Ram DDR5 - 16Gb 6000 Mhz Kingston Fury Renegade Rgb,119999.0,https://www.mexx.com.ar/productos-rubro/memorias-ram/45960-memoria-ram-ddr5-16gb-6000-mhz-kingston-fury-renegade-rgb.html,mexx,2023-09-04 10:43:22
memorias-ram,Memoria Ram SODIMM DDR4 - 16Gb 2666 Mhz Kingston,31969.0,https://www.mexx.com.ar/productos-rubro/memorias-ram/39461-memoria-ram-sodimm-ddr4-16gb-2666-mhz-kingston.html,mexx,2023-09-04 10:43:22
memorias-ram,Memoria Ram SODIMM DDR4 - 16Gb 3200 Mhz Lexar Value,34999.0,https://www.mexx.com.ar/productos-rubro/memorias-ram/46016-memoria-ram-sodimm-ddr4-16gb-3200-mhz-lexar-value.html,mexx,2023-09-04 10:43:22
memorias-ram,Memoria Ram SODIMM DDR4 - 16Gb 3200 Mhz Kingston,35269.0,https://www.mexx.com.ar/productos-rubro/memorias-ram/45697-memoria-ram-sodimm-ddr4-16gb-3200-mhz-kingston.html,mexx,2023-09-04 10:43:22
placas-de-video,Placa De Video GeForce GT 710 2Gb Msi,68729.0,https://www.mexx.com.ar/productos-rubro/placas-de-video/36634-placa-de-video-geforce-gt-710-2gb-msi.html,mexx,2023-09-04 10:43:22
placas-de-video,Placa De Video GeForce GT 1030 2Gb Msi Oc,98629.0,https://www.mexx.com.ar/productos-rubro/placas-de-video/44432-placa-de-video-geforce-gt-1030-2gb-msi-oc.html,mexx,2023-09-04 10:43:22
placas-de-video,Placa De Video GeForce GT 1030 2Gb Gigabyte Low Profile DDR4,99369.0,https://www.mexx.com.ar/productos-rubro/placas-de-video/40847-placa-de-video-geforce-gt-1030-2gb-gigabyte-low-profile-ddr4.html,mexx,2023-09-04 10:43:22
placas-de-video,Placa De Video GeForce GTX 1630 4Gb Msi Ventus Xs Oc ,233729.0,https://www.mexx.com.ar/productos-rubro/placas-de-video/43492-placa-de-video-geforce-gtx-1630-4gb-msi-ventus-xs-oc.html,mexx,2023-09-04 10:43:22
placas-de-video,Placa De Video GeForce GTX 1650 4Gb Msi Ventus Xs Oc D6 V1,226859.0,https://www.mexx.com.ar/productos-rubro/placas-de-video/41744-placa-de-video-geforce-gtx-1650-4gb-msi-ventus-xs-oc-d6-v1.html,mexx,2023-09-04 10:43:22
placas-de-video,Placa De Video GeForce GTX 1650 4Gb Gigabyte D6 Oc,199999.0,https://www.mexx.com.ar/productos-rubro/placas-de-video/41476-placa-de-video-geforce-gtx-1650-4gb-gigabyte-d6-oc.html,mexx,2023-09-04 10:43:22
placas-de-video,Placa De Video GeForce GTX 1650 4Gb Asus Tuf Gaming DDR6 P,239999.0,https://www.mexx.com.ar/productos-rubro/placas-de-video/40789-placa-de-video-geforce-gtx-1650-4gb-asus-tuf-gaming-ddr6-p.html,mexx,2023-09-04 10:43:22
placas-de-video,Placa De Video GeForce GTX 1650 4Gb Pny D6,217999.0,https://www.mexx.com.ar/productos-rubro/placas-de-video/44126-placa-de-video-geforce-gtx-1650-4gb-pny-d6.html,mexx,2023-09-04 10:43:22
placas-de-video,Placa De Video LHR GeForce RTX 3050 8Gb Msi Ventus 2X Oc,386519.0,https://www.mexx.com.ar/productos-rubro/placas-de-video/42100-placa-de-video-lhr-geforce-rtx-3050-8gb-msi-ventus-2x-oc.html,mexx,2023-09-04 10:43:22
placas-de-video,Placa De Video GeForce RTX 3060 12Gb Gigabyte Gaming Oc,455199.0,https://www.mexx.com.ar/productos-rubro/placas-de-video/43222-placa-de-video-geforce-rtx-3060-12gb-gigabyte-gaming-oc.html,mexx,2023-09-04 10:43:22
placas-de-video,Placa De Video GeForce RTX 3060 12Gb Msi Ventus 3X Oc,469899.0,https://www.mexx.com.ar/productos-rubro/placas-de-video/40108-placa-de-video-geforce-rtx-3060-12gb-msi-ventus-3x-oc.html,mexx,2023-09-04 10:43:22
placas-de-video,Placa De Video GeForce RTX 4060 Ti 8Gb Msi Gaming X Oc,571979.0,https://www.mexx.com.ar/productos-rubro/placas-de-video/45813-placa-de-video-geforce-rtx-4060-ti-8gb-msi-gaming-x-oc.html,mexx,2023-09-04 10:43:22
placas-de-video,Placa De Video GeForce RTX 4060 Ti 8Gb Gigabyte Gaming Oc,569729.0,https://www.mexx.com.ar/productos-rubro/placas-de-video/45837-placa-de-video-geforce-rtx-4060-ti-8gb-gigabyte-gaming-oc.html,mexx,2023-09-04 10:43:22
placas-de-video,Placa De Video GeForce RTX 4070 12Gb Gigabyte Gaming Oc,847999.0,https://www.mexx.com.ar/productos-rubro/placas-de-video/45836-placa-de-video-geforce-rtx-4070-12gb-gigabyte-gaming-oc.html,mexx,2023-09-04 10:43:22
placas-de-video,Placa De Video GeForce RTX 4070 12Gb Msi Ventus 3X Oc,864859.0,https://www.mexx.com.ar/productos-rubro/placas-de-video/45828-placa-de-video-geforce-rtx-4070-12gb-msi-ventus-3x-oc.html,mexx,2023-09-04 10:43:22
placas-de-video,Placa De Video GeForce RTX 4070 12Gb Msi Gaming X Trio ,879999.0,https://www.mexx.com.ar/productos-rubro/placas-de-video/45830-placa-de-video-geforce-rtx-4070-12gb-msi-gaming-x-trio.html,mexx,2023-09-04 10:43:22
placas-de-video,Placa De Video GeForce RTX 4080 16Gb Msi Ventus 3X Oc,1270779.0,https://www.mexx.com.ar/productos-rubro/placas-de-video/40845-placa-de-video-geforce-rtx-4080-16gb-msi-ventus-3x-oc.html,mexx,2023-09-04 10:43:22
placas-de-video,Placa De Video GeForce RTX 4080 16Gb Gigabyte Gaming Oc,1412399.0,https://www.mexx.com.ar/productos-rubro/placas-de-video/45835-placa-de-video-geforce-rtx-4080-16gb-gigabyte-gaming-oc.html,mexx,2023-09-04 10:43:22
placas-de-video,Placa De Video GeForce RTX 4090 24Gb Gigabyte Gaming Oc ,1998999.0,https://www.mexx.com.ar/productos-rubro/placas-de-video/44405-placa-de-video-geforce-rtx-4090-24gb-gigabyte-gaming-oc.html,mexx,2023-09-04 10:43:22
placas-de-video,Placa De Video GeForce RTX 4090 24Gb Msi Gaming Trio,1999999.0,https://www.mexx.com.ar/productos-rubro/placas-de-video/45833-placa-de-video-geforce-rtx-4090-24gb-msi-gaming-trio.html,mexx,2023-09-04 10:43:22
placas-de-video,Placa De Video GeForce RTX 4090 24Gb Msi Suprim X,2049999.0,https://www.mexx.com.ar/productos-rubro/placas-de-video/45834-placa-de-video-geforce-rtx-4090-24gb-msi-suprim-x.html,mexx,2023-09-04 10:43:22
placas-de-video,Placa De Video GeForce RTX 4070 Ti 12Gb Gigabyte Gaming Oc,946849.0,https://www.mexx.com.ar/productos-rubro/placas-de-video/45539-placa-de-video-geforce-rtx-4070-ti-12gb-gigabyte-gaming-oc.html,mexx,2023-09-04 10:43:22
monitores,"Monitor Led 19"" Be One 60Hz 5Ms",65109.0,https://www.mexx.com.ar/productos-rubro/monitores/43590-monitor-led-19-be-one-60hz-5ms.html,mexx,2023-09-04 10:43:22
monitores,"Monitor Led 19"" LG Hd 60Hz 5Ms 19M38A-B",66119.0,https://www.mexx.com.ar/productos-rubro/monitores/36366-monitor-led-19-lg-hd-60hz-5ms-19m38a-b.html,mexx,2023-09-04 10:43:22
monitores,"Monitor Led 19"" Philips 60Hz 193V5LHSB2",59989.0,https://www.mexx.com.ar/productos-rubro/monitores/41120-monitor-led-19-philips-60hz-193v5lhsb2.html,mexx,2023-09-04 10:43:22
monitores,"Monitor Led 19"" Samsung Hd 60Hz 5Ms 19A330N",68999.0,https://www.mexx.com.ar/productos-rubro/monitores/40032-monitor-led-19-samsung-hd-60hz-5ms-19a330n.html,mexx,2023-09-04 10:43:22
monitores,"Monitor Led 20"" LG Hd 60Hz 5Ms 20MK400H-B",74789.0,https://www.mexx.com.ar/productos-rubro/monitores/36247-monitor-led-20-lg-hd-60hz-5ms-20mk400h-b.html,mexx,2023-09-04 10:43:22
monitores,"Monitor Led 20"" Viewsonic 60Hz Vga Dvi  VA2055SM",71599.0,https://www.mexx.com.ar/productos-rubro/monitores/45822-monitor-led-20-viewsonic-60hz-vga-dvi-va2055sm.html,mexx,2023-09-04 10:43:22
monitores,"Monitor Led 22"" Gfast 60Hz Fhd Hdm T-220 ",70999.0,https://www.mexx.com.ar/productos-rubro/monitores/44185-monitor-led-22-gfast-60hz-fhd-hdm-t-220.html,mexx,2023-09-04 10:43:22
monitores,"Monitor Led 22"" Acer Full Hd 60Hz 5Ms V227Q",79789.0,https://www.mexx.com.ar/productos-rubro/monitores/46094-monitor-led-22-acer-full-hd-60hz-5ms-v227q.html,mexx,2023-09-04 10:43:22
monitores,"Monitor Led 22"" Viewsonic 60Hz Fhd Touch TD2230",389999.0,https://www.mexx.com.ar/productos-rubro/monitores/44911-monitor-led-22-viewsonic-60hz-fhd-touch-td2230.html,mexx,2023-09-04 10:43:22
monitores,"Monitor Led 22"" Samsung Full Hd 60Hz 6.5Ms S33A",73879.0,https://www.mexx.com.ar/productos-rubro/monitores/43564-monitor-led-22-samsung-full-hd-60hz-6.5ms-s33a.html,mexx,2023-09-04 10:43:22
monitores,"Monitor Led 22"" Samsung Full Hd 75Hz Ips 5Ms T350FHL",86999.0,https://www.mexx.com.ar/productos-rubro/monitores/39460-monitor-led-22-samsung-full-hd-75hz-ips-5ms-t350fhl.html,mexx,2023-09-04 10:43:22
monitores,"Monitor Led 22"" LG Full Hd 75Hz 5Ms 22MP410-B",82699.0,https://www.mexx.com.ar/productos-rubro/monitores/42935-monitor-led-22-lg-full-hd-75hz-5ms-22mp410-b.html,mexx,2023-09-04 10:43:22
monitores,"Monitor Led 22"" LG Full Hd 75Hz 5Ms 22MK600M",112519.0,https://www.mexx.com.ar/productos-rubro/monitores/41026-monitor-led-22-lg-full-hd-75hz-5ms-22mk600m.html,mexx,2023-09-04 10:43:22
monitores,"Monitor Led 22"" Asus Full Hd 60Hz 1Ms VP228HE-J",78889.0,https://www.mexx.com.ar/productos-rubro/monitores/43212-monitor-led-22-asus-full-hd-60hz-1ms-vp228he-j.html,mexx,2023-09-04 10:43:22
monitores,"Monitor Led 24"" Noblex Full Hd 75Hz Vga Hdmi MK24X7100",84989.0,https://www.mexx.com.ar/productos-rubro/monitores/45189-monitor-led-24-noblex-full-hd-75hz-vga-hdmi-mk24x7100.html,mexx,2023-09-04 10:43:22
monitores,"Monitor Led 24"" Asus Full Hd Ips 75Hz 5Ms Freesync VA24EHE-J",143359.0,https://www.mexx.com.ar/productos-rubro/monitores/42804-monitor-led-24-asus-full-hd-ips-75hz-5ms-freesync-va24ehe-j.html,mexx,2023-09-04 10:43:22
monitores,"Monitor Gamer 24"" Asus Full Hd 165Hz 0.5Ms VG248QG TN",207999.0,https://www.mexx.com.ar/productos-rubro/monitores/40684-monitor-gamer-24-asus-full-hd-165hz-0.5ms-vg248qg-tn.html,mexx,2023-09-04 10:43:22
monitores,"Monitor Gamer 24"" Asus Full Hd IPS 144Hz 1Ms VP249QGR ",225249.0,https://www.mexx.com.ar/productos-rubro/monitores/42072-monitor-gamer-24-asus-full-hd-ips-144hz-1ms-vp249qgr.html,mexx,2023-09-04 10:43:22
monitores,"Monitor Gamer 24"" Asus Full Hd 165Hz 0.5Ms VG248QG-J",208489.0,https://www.mexx.com.ar/productos-rubro/monitores/42789-monitor-gamer-24-asus-full-hd-165hz-0.5ms-vg248qg-j.html,mexx,2023-09-04 10:43:22
monitores,"Monitor Led 24"" LG Full Hd 75Hz 5Ms FreeSync 24MK430H-B ",94339.0,https://www.mexx.com.ar/productos-rubro/monitores/36146-monitor-led-24-lg-full-hd-75hz-5ms-freesync-24mk430h-b.html,mexx,2023-09-04 10:43:22
monitores,"Monitor Led 24"" Samsung Full Hd 75Hz 5Ms IPS T350FHL",99799.0,https://www.mexx.com.ar/productos-rubro/monitores/39232-monitor-led-24-samsung-full-hd-75hz-5ms-ips-t350fhl.html,mexx,2023-09-04 10:43:22
monitores,"Monitor Gamer 24"" Samsung Curvo Full Hd 60Hz 4Ms C24F390FHL",143989.0,https://www.mexx.com.ar/productos-rubro/monitores/33741-monitor-gamer-24-samsung-curvo-full-hd-60hz-4ms-c24f390fhl.html,mexx,2023-09-04 10:43:22
monitores,"Monitor Gamer 24"" Asus Tuf Gaming Curvo Full Hd 144Hz 1Ms VG24VQ",209999.0,https://www.mexx.com.ar/productos-rubro/monitores/41023-monitor-gamer-24-asus-tuf-gaming-curvo-full-hd-144hz-1ms-vg24vq.html,mexx,2023-09-04 10:43:22
monitores,"Monitor Gamer 24"" Samsung Full Hd 144Hz 1Ms Odyssey G3 LS24AG30ANLX",181149.0,https://www.mexx.com.ar/productos-rubro/monitores/44056-monitor-gamer-24-samsung-full-hd-144hz-1ms-odyssey-g3-ls24ag30anlx.html,mexx,2023-09-04 10:43:22
monitores,"Monitor Gamer 24"" Samsung Curvo Full Hd 144Hz 4Ms Dp G50 LC24RG50FZLCZB",144989.0,https://www.mexx.com.ar/productos-rubro/monitores/43518-monitor-gamer-24-samsung-curvo-full-hd-144hz-4ms-dp-g50-lc24rg50fzlczb.html,mexx,2023-09-04 10:43:22
monitores,"Monitor Led 24"" LG Full Hd 75Hz 4Ms 24MK600M",118879.0,https://www.mexx.com.ar/productos-rubro/monitores/40577-monitor-led-24-lg-full-hd-75hz-4ms-24mk600m.html,mexx,2023-09-04 10:43:22
monitores,"Monitor Gamer 24"" LG Full Hd 144Hz 1Ms Freesync 24GN60R-B",178879.0,https://www.mexx.com.ar/productos-rubro/monitores/44686-monitor-gamer-24-lg-full-hd-144hz-1ms-freesync-24gn60r-b.html,mexx,2023-09-04 10:43:22
monitores,"Monitor Gamer 24"" Gigabyte Full Hd 165Hz 1Ms Freesync G24F-2",213999.0,https://www.mexx.com.ar/productos-rubro/monitores/44623-monitor-gamer-24-gigabyte-full-hd-165hz-1ms-freesync-g24f-2.html,mexx,2023-09-04 10:43:22
monitores,"Monitor Gamer 24"" Msi Optix Full Hd 144Hz 1Ms Freesync G241 Dp/Hdmi",195989.0,https://www.mexx.com.ar/productos-rubro/monitores/45119-monitor-gamer-24-msi-optix-full-hd-144hz-1ms-freesync-g241-dp-hdmi.html,mexx,2023-09-04 10:43:22
monitores,"Monitor Gamer 24"" Level Up Full Hd 144Hz 1Ms 24-UP5500",147669.0,https://www.mexx.com.ar/productos-rubro/monitores/44494-monitor-gamer-24-level-up-full-hd-144hz-1ms-24-up5500.html,mexx,2023-09-04 10:43:22
monitores,"Monitor Gamer 24"" Viewsonic Full Hd IPS 100Hz 1Ms VX2416",130559.0,https://www.mexx.com.ar/productos-rubro/monitores/45924-monitor-gamer-24-viewsonic-full-hd-ips-100hz-1ms-vx2416.html,mexx,2023-09-04 10:43:22
monitores,"Monitor Gamer 24"" Viewsonic Full Hd 165Hz 1Ms Dp VX2418-P-MHD",179789.0,https://www.mexx.com.ar/productos-rubro/monitores/43257-monitor-gamer-24-viewsonic-full-hd-165hz-1ms-dp-vx2418-p-mhd.html,mexx,2023-09-04 10:43:22
monitores,"Monitor Gamer 25"" Viewsonic Full Hd 360Hz 1Ms IPS  XG251G",554529.0,https://www.mexx.com.ar/productos-rubro/monitores/44244-monitor-gamer-25-viewsonic-full-hd-360hz-1ms-ips-xg251g.html,mexx,2023-09-04 10:43:22
monitores,"Monitor Gamer 25"" Gigabyte Aorus Full Hd 240Hz 0.4Ms Rgb FI25F",479999.0,https://www.mexx.com.ar/productos-rubro/monitores/42792-monitor-gamer-25-gigabyte-aorus-full-hd-240hz-0.4ms-rgb-fi25f.html,mexx,2023-09-04 10:43:22
monitores,"Monitor Gamer 25"" Samsung Plano G4 240Hz 1Ms LS25BG400ELX",243999.0,https://www.mexx.com.ar/productos-rubro/monitores/44170-monitor-gamer-25-samsung-plano-g4-240hz-1ms-ls25bg400elx.html,mexx,2023-09-04 10:43:22
monitores,"Monitor Led 26"" LG Full Hd UltraWide 75Hz 5Ms 26WQ500-B",163429.0,https://www.mexx.com.ar/productos-rubro/monitores/43083-monitor-led-26-lg-full-hd-ultrawide-75hz-5ms-26wq500-b.html,mexx,2023-09-04 10:43:22
monitores,"Monitor Led 27"" Noblex Full Hd 75Hz  MK27X7100 ",84339.0,https://www.mexx.com.ar/productos-rubro/monitores/46067-monitor-led-27-noblex-full-hd-75hz-mk27x7100.html,mexx,2023-09-04 10:43:22
monitores,"Monitor Led 27"" LG Full Hd 75Hz 2Ms FreeSync 27MK400H-B ",127659.0,https://www.mexx.com.ar/productos-rubro/monitores/36148-monitor-led-27-lg-full-hd-75hz-2ms-freesync-27mk400h-b.html,mexx,2023-09-04 10:43:22
monitores,"Monitor Led 27"" LG 4K 60Hz 5Ms Freesync 27UL500-W",269999.0,https://www.mexx.com.ar/productos-rubro/monitores/39741-monitor-led-27-lg-4k-60hz-5ms-freesync-27ul500-w.html,mexx,2023-09-04 10:43:22
monitores,"Monitor Led 27"" LG QHD 75Hz 5Ms 27QN880-B ",447259.0,https://www.mexx.com.ar/productos-rubro/monitores/39202-monitor-led-27-lg-qhd-75hz-5ms-27qn880-b.html,mexx,2023-09-04 10:43:22
monitores,"Monitor Led 27"" Asus Full Hd Ips 75Hz 5Ms Freesync VA27EHE",165479.0,https://www.mexx.com.ar/productos-rubro/monitores/41235-monitor-led-27-asus-full-hd-ips-75hz-5ms-freesync-va27ehe.html,mexx,2023-09-04 10:43:22
monitores,"Monitor Led 27"" Samsung Ultra Hd 60Hz 5Ms 4K A700",316159.0,https://www.mexx.com.ar/productos-rubro/monitores/42412-monitor-led-27-samsung-ultra-hd-60hz-5ms-4k-a700.html,mexx,2023-09-04 10:43:22
monitores,"Monitor Gamer 27"" Samsung  FreeSync 75Hz Plano QHD 27A600UULC",297979.0,https://www.mexx.com.ar/productos-rubro/monitores/46146-monitor-gamer-27-samsung-freesync-75hz-plano-qhd-27a600uulc.html,mexx,2023-09-04 10:43:22
monitores,"Monitor Gamer 27"" Samsung Plano G4 240Hz 1Ms LS27BG400ELX",279999.0,https://www.mexx.com.ar/productos-rubro/monitores/44171-monitor-gamer-27-samsung-plano-g4-240hz-1ms-ls27bg400elx.html,mexx,2023-09-04 10:43:22
monitores,"Monitor Gamer 27"" Level Up Full Hd 165Hz 1Ms 27-UP6580",158879.0,https://www.mexx.com.ar/productos-rubro/monitores/41513-monitor-gamer-27-level-up-full-hd-165hz-1ms-27-up6580.html,mexx,2023-09-04 10:43:22
monitores,"Monitor Gamer 27"" Level Up Curvo Full Hd 165Hz 1Ms 27-UP6680",178699.0,https://www.mexx.com.ar/productos-rubro/monitores/43275-monitor-gamer-27-level-up-curvo-full-hd-165hz-1ms-27-up6680.html,mexx,2023-09-04 10:43:22
monitores,"Monitor Gamer 27"" Viewsonic Curvo 165Hz 1Ms VX2718-PC-MHD",205839.0,https://www.mexx.com.ar/productos-rubro/monitores/42601-monitor-gamer-27-viewsonic-curvo-165hz-1ms-vx2718-pc-mhd.html,mexx,2023-09-04 10:43:22
monitores,"Monitor Gamer 27"" Viewsonic 165Hz 1Ms VX2718-P-MHD",213829.0,https://www.mexx.com.ar/productos-rubro/monitores/45819-monitor-gamer-27-viewsonic-165hz-1ms-vx2718-p-mhd.html,mexx,2023-09-04 10:43:22
monitores,"Monitor Gamer 27"" Samsung Curvo WQHD165Hz 1Ms Odyssey G5",285839.0,https://www.mexx.com.ar/productos-rubro/monitores/42381-monitor-gamer-27-samsung-curvo-wqhd165hz-1ms-odyssey-g5.html,mexx,2023-09-04 10:43:22
monitores,"Monitor Gamer 27"" Gigabyte IPS 144Hz 1Ms G27F-SA",247259.0,https://www.mexx.com.ar/productos-rubro/monitores/39583-monitor-gamer-27-gigabyte-ips-144hz-1ms-g27f-sa.html,mexx,2023-09-04 10:43:22
monitores,"Monitor Gamer 27"" Gigabyte Ips 165Hz 1Ms G27F 2",299999.0,https://www.mexx.com.ar/productos-rubro/monitores/44415-monitor-gamer-27-gigabyte-ips-165hz-1ms-g27f-2.html,mexx,2023-09-04 10:43:22
monitores,"Monitor Gamer 27"" Gigabyte Edge Full Hd 144Hz 1Ms M27F KVM",270699.0,https://www.mexx.com.ar/productos-rubro/monitores/40993-monitor-gamer-27-gigabyte-edge-full-hd-144hz-1ms-m27f-kvm.html,mexx,2023-09-04 10:43:22
monitores,"Monitor Gamer 27"" Gigabyte Curvo Full Hd 165Hz 1Ms G27FC-SA",292999.0,https://www.mexx.com.ar/productos-rubro/monitores/39233-monitor-gamer-27-gigabyte-curvo-full-hd-165hz-1ms-g27fc-sa.html,mexx,2023-09-04 10:43:22
monitores,"Monitor Gamer 27"" LG Full Hd 144Hz 1Ms 27GL650F",242999.0,https://www.mexx.com.ar/productos-rubro/monitores/37934-monitor-gamer-27-lg-full-hd-144hz-1ms-27gl650f.html,mexx,2023-09-04 10:43:22
monitores,"Monitor Gamer 27"" LG Full Hd 240Hz 1Ms 27GP750-B",336999.0,https://www.mexx.com.ar/productos-rubro/monitores/41591-monitor-gamer-27-lg-full-hd-240hz-1ms-27gp750-b.html,mexx,2023-09-04 10:43:22
monitores,"Monitor Gamer 27"" LG QHD 165Hz 1Ms 27GP850-B",409489.0,https://www.mexx.com.ar/productos-rubro/monitores/42806-monitor-gamer-27-lg-qhd-165hz-1ms-27gp850-b.html,mexx,2023-09-04 10:43:22
monitores,"Monitor Gamer 27"" LG UltraGear 4K 144Hz 1Ms 27GP950-B",784929.0,https://www.mexx.com.ar/productos-rubro/monitores/44402-monitor-gamer-27-lg-ultragear-4k-144hz-1ms-27gp950-b.html,mexx,2023-09-04 10:43:22
monitores,"Monitor Gamer 27"" Asus Gaming WQHD 170Hz 1Ms VG27AQ1A-J",379999.0,https://www.mexx.com.ar/productos-rubro/monitores/45920-monitor-gamer-27-asus-gaming-wqhd-170hz-1ms-vg27aq1a-j.html,mexx,2023-09-04 10:43:22
monitores,"Monitor Gamer 27"" Asus Gaming 165Hz VG278QR",268489.0,https://www.mexx.com.ar/productos-rubro/monitores/41290-monitor-gamer-27-asus-gaming-165hz-vg278qr.html,mexx,2023-09-04 10:43:22
monitores,"Monitor Gamer 27"" Asus Gaming Tn Full Hd 144Hz 1Ms VG278Q",230999.0,https://www.mexx.com.ar/productos-rubro/monitores/42071-monitor-gamer-27-asus-gaming-tn-full-hd-144hz-1ms-vg278q.html,mexx,2023-09-04 10:43:22
monitores,"Monitor Gamer 27"" Asus Tuf Gaming Curvo 165Hz 1Ms VG27VQ VA",287919.0,https://www.mexx.com.ar/productos-rubro/monitores/40683-monitor-gamer-27-asus-tuf-gaming-curvo-165hz-1ms-vg27vq-va.html,mexx,2023-09-04 10:43:22
monitores,"Monitor Gamer 27"" Asus Tuf Gaming Ips 280Hz 1Ms VG279QM-J",403949.0,https://www.mexx.com.ar/productos-rubro/monitores/44178-monitor-gamer-27-asus-tuf-gaming-ips-280hz-1ms-vg279qm-j.html,mexx,2023-09-04 10:43:22
monitores,"Monitor Led 32"" LG Full Hd 16:9 IPS 60Hz 5Ms 32MN500M",199999.0,https://www.mexx.com.ar/productos-rubro/monitores/37936-monitor-led-32-lg-full-hd-16:9-ips-60hz-5ms-32mn500m.html,mexx,2023-09-04 10:43:22
monitores,"Monitor Led 32"" LG 4K 16:9 60Hz 4Ms Freesync 32UN550",424279.0,https://www.mexx.com.ar/productos-rubro/monitores/39744-monitor-led-32-lg-4k-16:9-60hz-4ms-freesync-32un550.html,mexx,2023-09-04 10:43:22
monitores,"Monitor Led 32"" LG 4K 16:9 60Hz 5Ms Freesync 32UN880-B",697259.0,https://www.mexx.com.ar/productos-rubro/monitores/42121-monitor-led-32-lg-4k-16:9-60hz-5ms-freesync-32un880-b.html,mexx,2023-09-04 10:43:22
monitores,"Monitor Gamer 32"" LG 4K 144Hz 1Ms UltraGear 32GQ950-B",1120699.0,https://www.mexx.com.ar/productos-rubro/monitores/44522-monitor-gamer-32-lg-4k-144hz-1ms-ultragear-32gq950-b.html,mexx,2023-09-04 10:43:22
monitores,"Monitor Led 32"" Asus 4k UHD 60Hz 4Ms VA32UQ",461609.0,https://www.mexx.com.ar/productos-rubro/monitores/44305-monitor-led-32-asus-4k-uhd-60hz-4ms-va32uq.html,mexx,2023-09-04 10:43:22
monitores,"Monitor Smart 32"" Samsung 4K 60Hz 5Ms UHD M7 LS32BM700ULXZB",360889.0,https://www.mexx.com.ar/productos-rubro/monitores/44650-monitor-smart-32-samsung-4k-60hz-5ms-uhd-m7-ls32bm700ulxzb.html,mexx,2023-09-04 10:43:22
monitores,"Monitor Gamer 32"" Samsung G3 165Hz 1Ms LS32AG32ANLX",293109.0,https://www.mexx.com.ar/productos-rubro/monitores/44172-monitor-gamer-32-samsung-g3-165hz-1ms-ls32ag32anlx.html,mexx,2023-09-04 10:43:22
monitores,"Monitor Gamer 32"" Samsung Curvo G5 165Hz 1Ms LS32AG550ELX",369999.0,https://www.mexx.com.ar/productos-rubro/monitores/42352-monitor-gamer-32-samsung-curvo-g5-165hz-1ms-ls32ag550elx.html,mexx,2023-09-04 10:43:22
monitores,"Monitor Smart 32"" Samsung M5 Ultra Hd 60Hz 4Ms LS32BM500ELX",208879.0,https://www.mexx.com.ar/productos-rubro/monitores/44611-monitor-smart-32-samsung-m5-ultra-hd-60hz-4ms-ls32bm500elx.html,mexx,2023-09-04 10:43:22
monitores,"Monitor Led 32"" Samsung Curvo T550 Full Hd 75Hz 4Ms LC32T550FDLX",244999.0,https://www.mexx.com.ar/productos-rubro/monitores/42642-monitor-led-32-samsung-curvo-t550-full-hd-75hz-4ms-lc32t550fdlx.html,mexx,2023-09-04 10:43:22
monitores,"Monitor Smart 32"" Samsung M8 Ultra Hd 60Hz 4Ms LS32BM801UL",675999.0,https://www.mexx.com.ar/productos-rubro/monitores/44923-monitor-smart-32-samsung-m8-ultra-hd-60hz-4ms-ls32bm801ul.html,mexx,2023-09-04 10:43:22
monitores,"Monitor Gamer 32"" LG QHD 165Hz 1Ms 32GP850-B",555999.0,https://www.mexx.com.ar/productos-rubro/monitores/42807-monitor-gamer-32-lg-qhd-165hz-1ms-32gp850-b.html,mexx,2023-09-04 10:43:22
monitores,"Monitor Gamer 32"" LG QHD 165Hz 32GN600",376999.0,https://www.mexx.com.ar/productos-rubro/monitores/39743-monitor-gamer-32-lg-qhd-165hz-32gn600.html,mexx,2023-09-04 10:43:22
monitores,"Monitor Gamer 34"" Samsung Ultrawide WQHD Hd 100Hz 5Ms A650",455189.0,https://www.mexx.com.ar/productos-rubro/monitores/42344-monitor-gamer-34-samsung-ultrawide-wqhd-hd-100hz-5ms-a650.html,mexx,2023-09-04 10:43:22
monitores,"Monitor Gamer 34"" Samsung Ultrawide G8 QLED 175Hz 1Ms 34BG850SLX",1299789.0,https://www.mexx.com.ar/productos-rubro/monitores/44651-monitor-gamer-34-samsung-ultrawide-g8-qled-175hz-1ms-34bg850slx.html,mexx,2023-09-04 10:43:22
monitores,"Monitor Gamer 34"" Asus Ultrawide QHD 100Hz 1Ms VP34CGL ",660979.0,https://www.mexx.com.ar/productos-rubro/monitores/45820-monitor-gamer-34-asus-ultrawide-qhd-100hz-1ms-vp34cgl.html,mexx,2023-09-04 10:43:22
monitores,"Monitor Gamer 34"" Viotek Curvo 144Hz GNV34DBE2",519999.0,https://www.mexx.com.ar/productos-rubro/monitores/41497-monitor-gamer-34-viotek-curvo-144hz-gnv34dbe2.html,mexx,2023-09-04 10:43:22
monitores,"Monitor Gamer 34"" LG Curvo UltraWide 60Hz 5Ms 34WL85C",624929.0,https://www.mexx.com.ar/productos-rubro/monitores/40630-monitor-gamer-34-lg-curvo-ultrawide-60hz-5ms-34wl85c.html,mexx,2023-09-04 10:43:22
monitores,"Monitor Gamer 34"" LG Full Hd Ultrawide 75Hz 5Ms 34WP500-B",339999.0,https://www.mexx.com.ar/productos-rubro/monitores/43218-monitor-gamer-34-lg-full-hd-ultrawide-75hz-5ms-34wp500-b.html,mexx,2023-09-04 10:43:22
monitores,"Monitor Smart 43"" Samsung 4K Uhd 60Hz 4Ms M7 LS43BM700ULX",474929.0,https://www.mexx.com.ar/productos-rubro/monitores/44924-monitor-smart-43-samsung-4k-uhd-60hz-4ms-m7-ls43bm700ulx.html,mexx,2023-09-04 10:43:22
monitores,"Monitor Gamer 49"" Asus Curvo Rog Strix Super Ultrawide HRD 144Hz 4Ms XG49VQ",1184339.0,https://www.mexx.com.ar/productos-rubro/monitores/43015-monitor-gamer-49-asus-curvo-rog-strix-super-ultrawide-hrd-144hz-4ms-xg49vq.html,mexx,2023-09-04 10:43:22
monitores,"Monitor Gamer 49"" Viotek UltraWide Curvo HDR 144Hz 1Ms SUW49CB",969999.0,https://www.mexx.com.ar/productos-rubro/monitores/43011-monitor-gamer-49-viotek-ultrawide-curvo-hdr-144hz-1ms-suw49cb.html,mexx,2023-09-04 10:43:22
monitores,"Monitor Led 49"" LG Curvo UltraWide 60Hz 5Ms 49WL95C-WE",1215189.0,https://www.mexx.com.ar/productos-rubro/monitores/38650-monitor-led-49-lg-curvo-ultrawide-60hz-5ms-49wl95c-we.html,mexx,2023-09-04 10:43:22
monitores,"Monitor Gamer 55"" Samsung Curvo Odyssey 4K 165Hz 1Ms LS55BG970NL",2218829.0,https://www.mexx.com.ar/productos-rubro/monitores/44921-monitor-gamer-55-samsung-curvo-odyssey-4k-165hz-1ms-ls55bg970nl.html,mexx,2023-09-04 10:43:22
outlet,"Outlet - Notebook Asus Zenbook UX5401EA Core i5 1135G7 8Gb Ssd 512Gb 14"" W",709289.0,https://www.mexx.com.ar/productos-rubro/outlet/46190-outlet-notebook-asus-zenbook-ux5401ea-core-i5-1135g7-8gb-ssd-512gb-14-w.html,mexx,2023-09-04 10:43:22
outlet,Outlet - Mouse Gamer Redragon M690 Mirage,8499.0,https://www.mexx.com.ar/productos-rubro/outlet/46065-outlet-mouse-gamer-redragon-m690-mirage.html,mexx,2023-09-04 10:43:22
outlet,Outlet - Auricular Inalmbrico Samsung Galaxy Buds2 Blanco,60639.0,https://www.mexx.com.ar/productos-rubro/outlet/46197-outlet-auricular-inalmbrico-samsung-galaxy-buds2-blanco.html,mexx,2023-09-04 10:43:22
outlet,Outlet - Router Tp-Link AC750 Archer C24 Agile Cfa Dual Band,21799.0,https://www.mexx.com.ar/productos-rubro/outlet/45921-outlet-router-tp-link-ac750-archer-c24-agile-cfa-dual-band.html,mexx,2023-09-04 10:43:22
outlet,"Outlet - Monitor Gamer 24"" Viewsonic Full Hd 75Hz 2Ms VX2452MH",133579.0,https://www.mexx.com.ar/productos-rubro/outlet/44135-outlet-monitor-gamer-24-viewsonic-full-hd-75hz-2ms-vx2452mh.html,mexx,2023-09-04 10:43:22
outlet,Outlet - Impresora Epson Xp2101 Multifuncin,120559.0,https://www.mexx.com.ar/productos-rubro/outlet/46175-outlet-impresora-epson-xp2101-multifuncin.html,mexx,2023-09-04 10:43:22
outlet,Outlet - Impresora Hp Deskjet 2375 Multifuncin,39499.0,https://www.mexx.com.ar/productos-rubro/outlet/46054-outlet-impresora-hp-deskjet-2375-multifuncin.html,mexx,2023-09-04 10:43:22
outlet,Outlet - Impresora Hp Smart Tank 530 Wifi Multifuncin,170789.0,https://www.mexx.com.ar/productos-rubro/outlet/46224-outlet-impresora-hp-smart-tank-530-wifi-multifuncin.html,mexx,2023-09-04 10:43:22
outlet,"Outlet - Monitor Gamer 32"" LG QHD 165Hz 1Ms 32GP850-B",454749.0,https://www.mexx.com.ar/productos-rubro/outlet/44753-outlet-monitor-gamer-32-lg-qhd-165hz-1ms-32gp850-b.html,mexx,2023-09-04 10:43:22
outlet,"Outlet - Monitor Gamer 32"" LG QHD 165Hz 32GN600",299999.0,https://www.mexx.com.ar/productos-rubro/outlet/45005-outlet-monitor-gamer-32-lg-qhd-165hz-32gn600.html,mexx,2023-09-04 10:43:22
outlet,Outlet - Impresora Hp Lser Mono Neverstop 1200A,208079.0,https://www.mexx.com.ar/productos-rubro/outlet/46176-outlet-impresora-hp-lser-mono-neverstop-1200a.html,mexx,2023-09-04 10:43:22
outlet,Outlet - Impresora Hp Smart Tank 515 Continua Multifuncin,163999.0,https://www.mexx.com.ar/productos-rubro/outlet/45928-outlet-impresora-hp-smart-tank-515-continua-multifuncin.html,mexx,2023-09-04 10:43:22
outlet,"Outlet - Tablet 7"" X-View Quantum Q7s 64Gb 4Gb Rojo",51999.0,https://www.mexx.com.ar/productos-rubro/outlet/46062-outlet-tablet-7-x-view-quantum-q7s-64gb-4gb-rojo.html,mexx,2023-09-04 10:43:22
outlet,Outlet - Termo Elctrico Peabody PE-ET1000N Negro,24799.0,https://www.mexx.com.ar/productos-rubro/outlet/46123-outlet-termo-elctrico-peabody-pe-et1000n-negro.html,mexx,2023-09-04 10:43:22
outlet,Outlet - Termo Elctrico Peabody PE-ET1000P Rosa,25499.0,https://www.mexx.com.ar/productos-rubro/outlet/46074-outlet-termo-elctrico-peabody-pe-et1000p-rosa.html,mexx,2023-09-04 10:43:22
outlet,Outlet - Termo Elctrico Peabody PE-ET1000V Verde,25499.0,https://www.mexx.com.ar/productos-rubro/outlet/46055-outlet-termo-elctrico-peabody-pe-et1000v-verde.html,mexx,2023-09-04 10:43:22
outlet,Outlet - Wafflera Doble Peabody PE-WM187XL,24499.0,https://www.mexx.com.ar/productos-rubro/outlet/46124-outlet-wafflera-doble-peabody-pe-wm187xl.html,mexx,2023-09-04 10:43:22
outlet,Outlet - Tostadora Atma 2 Panes Vintage TOAT21VBP Negro,18999.0,https://www.mexx.com.ar/productos-rubro/outlet/46107-outlet-tostadora-atma-2-panes-vintage-toat21vbp-negro.html,mexx,2023-09-04 10:43:22
outlet,Outlet - Licuadora Peabody PE-LN601 1.5L,15999.0,https://www.mexx.com.ar/productos-rubro/outlet/46066-outlet-licuadora-peabody-pe-ln601-1.5l.html,mexx,2023-09-04 10:43:22
outlet,Outlet - Tostadora Atma 2 Panes Vintage TOAT21VCP Beige,20499.0,https://www.mexx.com.ar/productos-rubro/outlet/45979-outlet-tostadora-atma-2-panes-vintage-toat21vcp-beige.html,mexx,2023-09-04 10:43:22
outlet,Outlet - Licuadora Smartlife Sl-BL1402PN 1.75L 1000W Negro,41999.0,https://www.mexx.com.ar/productos-rubro/outlet/45976-outlet-licuadora-smartlife-sl-bl1402pn-1.75l-1000w-negro.html,mexx,2023-09-04 10:43:22
outlet,Outlet - Microondas Samsung MG23F3K3TAK Grill 23L Negro,78499.0,https://www.mexx.com.ar/productos-rubro/outlet/46102-outlet-microondas-samsung-mg23f3k3tak-grill-23l-negro.html,mexx,2023-09-04 10:43:22
outlet,Outlet - Horno Elctrico Smartlife SL-TOR060PN 60L,48999.0,https://www.mexx.com.ar/productos-rubro/outlet/46064-outlet-horno-elctrico-smartlife-sl-tor060pn-60l.html,mexx,2023-09-04 10:43:22
outlet,Outlet - Aspiradora Inalmbrica Smartlife Robot SL-RVCV013 Barre Trapea,101999.0,https://www.mexx.com.ar/productos-rubro/outlet/45283-outlet-aspiradora-inalmbrica-smartlife-robot-sl-rvcv013-barre-trapea.html,mexx,2023-09-04 10:43:22
outlet,Outlet - Plancha Seca Atma PAS2432PI,10999.0,https://www.mexx.com.ar/productos-rubro/outlet/46035-outlet-plancha-seca-atma-pas2432pi.html,mexx,2023-09-04 10:43:22
outlet,Outlet - Molinillo de Caf Peabody PE-MC9100,13699.0,https://www.mexx.com.ar/productos-rubro/outlet/46196-outlet-molinillo-de-caf-peabody-pe-mc9100.html,mexx,2023-09-04 10:43:22
